{
  "config_name": "phase3_optimal",
  "seed": 123,
  "timestamp": "20250817_164206",
  "training_time": 634.7322409152985,
  "final_loss": 0.35561654141971044,
  "best_val_loss": 0.4469817355275154,
  "training_losses": [
    0.40962091173444476,
    0.3863029514040266,
    0.37603481667382377,
    0.37424820576395307,
    0.3703980428831918,
    0.3696443259716034,
    0.36861442242349896,
    0.3667244068213871,
    0.3658606197152819,
    0.3655477251325335,
    0.36435992547443935,
    0.3651524943964822,
    0.36389157686914714,
    0.3636770784854889,
    0.36354339803968155,
    0.3630371229989188,
    0.3615812769957951,
    0.36279105629239766,
    0.3631868192127773,
    0.36208879947662354,
    0.3623843363353184,
    0.3617279631750924,
    0.36189017977033344,
    0.3604656628199986,
    0.3615328345979963,
    0.3612318975584848,
    0.3612401178904942,
    0.36055889299937655,
    0.3596492188317435,
    0.3611191289765494,
    0.36160629221371243,
    0.3610227176121303,
    0.36049055627414156,
    0.36009831258228847,
    0.36115375757217405,
    0.3612626961299351,
    0.3607731904302325,
    0.36060602494648525,
    0.36124094213758196,
    0.3607928131307874,
    0.3615335898739951,
    0.3605209972177233,
    0.3609080604144505,
    0.36027070794786725,
    0.3600005277565547,
    0.36062111854553225,
    0.35981546555246624,
    0.36042495114462714,
    0.36187333464622495,
    0.35900900193623136,
    0.36059774245534626,
    0.3601124746458871,
    0.3602925326142992,
    0.36067296607153754,
    0.35983953050204687,
    0.36039970432009016,
    0.3606645822525024,
    0.3598619861262185,
    0.3605410712105887,
    0.36083145907946995,
    0.3600370696612767,
    0.3608370780944824,
    0.35997286438941956,
    0.3611024728843144,
    0.3590669027396611,
    0.3607865069593702,
    0.36074624231883456,
    0.35987861156463624,
    0.36090506059782845,
    0.3604102066584996,
    0.36043680225099833,
    0.3584070060934339,
    0.36010485632078987,
    0.36007853661264694,
    0.36072209988321574,
    0.36007663181849886,
    0.3599941568715232,
    0.36259244084358216,
    0.361094959293093,
    0.3613540879317692,
    0.3596845771585192,
    0.3598667417253767,
    0.3599103697708675,
    0.3607935471194131,
    0.36091567959104265,
    0.35943388342857363,
    0.35931282384055,
    0.36052546501159666,
    0.36067029663494654,
    0.36048159854752676,
    0.3612745634147099,
    0.3605517838682447,
    0.3602407012666975,
    0.36032748562949046,
    0.35951511008398873,
    0.36159568769591194,
    0.3600085939679827,
    0.35960650869778227,
    0.36046118906566077,
    0.3595127131257738,
    0.3601002752780914,
    0.35963496565818787,
    0.3596725182873862,
    0.35910296269825526,
    0.3585959689957755,
    0.3589743162904467,
    0.35892565590994696,
    0.3562004889760699,
    0.3584662675857544,
    0.3578161188534328,
    0.35682157618658883,
    0.3576020096029554,
    0.35851047720227924,
    0.35791313903672356,
    0.35843034897531784,
    0.3574492062841143,
    0.3568890460899898,
    0.3578989054475512,
    0.35682812673704967,
    0.3577349552086421,
    0.35804714475359234,
    0.355632815190724,
    0.35654698184558326,
    0.35767102752413066,
    0.35605974452836175,
    0.35714564408574784,
    0.35706222653388975,
    0.35685770000730244,
    0.3566943492208208,
    0.35734216826302667,
    0.35618395209312437,
    0.35704436898231506,
    0.35681146894182475,
    0.3565875598362514,
    0.3564996097769056,
    0.3569652625492641,
    0.35674774391310554,
    0.35624787637165617,
    0.35652822937284195,
    0.3574141195842198,
    0.35800482630729674,
    0.3568411580153874,
    0.35686697959899905,
    0.3557502005781446,
    0.3569893113204411,
    0.3568058328969138,
    0.356669534104211,
    0.3580775465284075,
    0.3570596328803471,
    0.3563629823071616,
    0.35563511507851736,
    0.35601209061486383,
    0.35544501117297583,
    0.3556590676307678,
    0.3565349102020264,
    0.35643302287374223,
    0.3563724194254194,
    0.3554129643099649,
    0.3556382988180433,
    0.35561654141971044
  ],
  "test_metrics": {
    "precision@5": 0.4435714285714286,
    "recall@5": 0.3852350278536148,
    "ndcg@5": 0.48657630324547957,
    "precision@10": 0.34785714285714286,
    "recall@10": 0.5401522386036981,
    "ndcg@10": 0.5151314718080732,
    "precision@20": 0.2207142857142857,
    "recall@20": 0.6562694680528327,
    "ndcg@20": 0.5572723896371244,
    "auc": 0.7726775294168208
  }
}