{
  "config_name": "phase3_optimal",
  "seed": 456,
  "timestamp": "20250817_165241",
  "training_time": 631.0042581558228,
  "final_loss": 0.3561795149530683,
  "best_val_loss": 0.4434582106769085,
  "training_losses": [
    0.4089135408401489,
    0.38656801496233256,
    0.37650424327169146,
    0.3737708806991577,
    0.3713081811155592,
    0.3698190152645111,
    0.3675224678856986,
    0.36770242367471967,
    0.3660666993686131,
    0.36569739495004927,
    0.36576234442847116,
    0.36486407007489885,
    0.36500211102621893,
    0.36401867611067634,
    0.3634683643068586,
    0.3621948480606079,
    0.36202585101127627,
    0.361079455273492,
    0.362039566891534,
    0.36148602110998973,
    0.36202456865991867,
    0.3607862685407911,
    0.36074935623577664,
    0.36071839673178535,
    0.36113093665667945,
    0.3602387487888336,
    0.3610444111483438,
    0.36098667638642445,
    0.36172075612204413,
    0.360651000056948,
    0.3608612052031926,
    0.36080916183335443,
    0.3611633036817823,
    0.35959447026252744,
    0.36144119841711864,
    0.36004735401698523,
    0.36030439223561966,
    0.3615861390318189,
    0.3602347322872707,
    0.36016568796975273,
    0.359980993611472,
    0.35970975160598756,
    0.36001391666276117,
    0.36109091894967216,
    0.3601766645908356,
    0.36042956624712263,
    0.36069408740316117,
    0.3602690637111664,
    0.3605222599846976,
    0.35992755719593594,
    0.3602547526359558,
    0.36019503133637565,
    0.3599911527974265,
    0.3606319521154676,
    0.36086808017322,
    0.3616065902369363,
    0.3608180710247585,
    0.3600941053458622,
    0.3599870153835842,
    0.36104732836995806,
    0.36076575943401884,
    0.3606701101575579,
    0.3599319747516087,
    0.3598123916557857,
    0.3601892564977918,
    0.3608096318585532,
    0.35993416479655677,
    0.3598834548677717,
    0.35933469448770794,
    0.35984419924872263,
    0.3589280094419207,
    0.35921866468020847,
    0.3606721418244498,
    0.3596384687083108,
    0.35987751058169776,
    0.36050527351243156,
    0.3598986438342503,
    0.3604742169380188,
    0.36016446011407033,
    0.36104738882609777,
    0.3602214975016458,
    0.3594414736543383,
    0.3603739517075675,
    0.3604085326194763,
    0.3601823236261095,
    0.361358995948519,
    0.3600117010729654,
    0.35971365060125077,
    0.3606452328818185,
    0.3601039273398263,
    0.35955422265189035,
    0.36087977971349444,
    0.36086987001555304,
    0.3592470152037484,
    0.3598202926771981,
    0.36057624987193515,
    0.36053079281534467,
    0.36076860513005937,
    0.36054636750902447,
    0.359578606060573,
    0.36063667791230336,
    0.35858918002673557,
    0.3601276823452541,
    0.35868700061525616,
    0.3585783183574677,
    0.3577139479773385,
    0.35904428703444347,
    0.35756070273263113,
    0.3586945491177695,
    0.35816971233912875,
    0.35722888112068174,
    0.35857054676328387,
    0.3574698167187827,
    0.35752824885504586,
    0.3573108528341566,
    0.35761320420673914,
    0.3576049132006509,
    0.35709372077669416,
    0.3568545665059771,
    0.35710277472223556,
    0.35664450781685963,
    0.35759242602757046,
    0.3584750805582319,
    0.35642478466033933,
    0.357209735257285,
    0.3578711748123169,
    0.3567314147949219,
    0.3572905659675598,
    0.3563987834112985,
    0.35620137112481254,
    0.35692162002835953,
    0.3565134789262499,
    0.35614939417157854,
    0.3557398923805782,
    0.35478909185954505,
    0.35715288179261345,
    0.3569571077823639,
    0.3558854818344116,
    0.35636948943138125,
    0.35622937764440266,
    0.357487918649401,
    0.35709519641739984,
    0.3580017183508192,
    0.35641155413218906,
    0.35485867261886594,
    0.35714282734053476,
    0.35559062787464685,
    0.3561682028429849,
    0.3565331109932491,
    0.3559290179184505,
    0.3553145911012377,
    0.35670042208262853,
    0.3572119014603751,
    0.35517337237085617,
    0.35733326503208707,
    0.3555739862578256,
    0.3556246221065521,
    0.3561755520956857,
    0.35583987832069397,
    0.3561795149530683
  ],
  "test_metrics": {
    "precision@5": 0.4385714285714286,
    "recall@5": 0.37623244663464694,
    "ndcg@5": 0.49284012291902984,
    "precision@10": 0.34464285714285714,
    "recall@10": 0.5389250286821881,
    "ndcg@10": 0.5214285583284279,
    "precision@20": 0.21839285714285717,
    "recall@20": 0.6539606855654788,
    "ndcg@20": 0.5629659848476974,
    "auc": 0.7704169801690591
  }
}