{
  "config_name": "phase3_optimal",
  "seed": 789,
  "timestamp": "20250817_170313",
  "training_time": 631.9085009098053,
  "final_loss": 0.35525115047182354,
  "best_val_loss": 0.44190024212002754,
  "training_losses": [
    0.40896038498197285,
    0.3856287666729518,
    0.3771236045019967,
    0.3733419665268489,
    0.3708836623600551,
    0.3697294797216143,
    0.3682467486177172,
    0.367508579151971,
    0.3662190173353468,
    0.3660973880972181,
    0.3648341034139906,
    0.3634658208915165,
    0.36324408650398254,
    0.3630664799894605,
    0.36326153448649817,
    0.36328360182898384,
    0.36206885150500706,
    0.36188076479094367,
    0.36290402923311504,
    0.3615079258169447,
    0.36217109646115986,
    0.36184931567737033,
    0.3613141630377088,
    0.3617530643939972,
    0.36078170112201147,
    0.3626609240259443,
    0.36157536932400297,
    0.3613397853715079,
    0.3611395563398089,
    0.3612680639539446,
    0.3611632321562086,
    0.36049978307315284,
    0.36179251670837403,
    0.3605946625982012,
    0.3617969742843083,
    0.36109146816389903,
    0.3603308056082044,
    0.3610730963093894,
    0.3599348374775478,
    0.35945187296186176,
    0.36084114227976116,
    0.36030514666012353,
    0.3607914856501988,
    0.3613089740276337,
    0.36013860276767184,
    0.36015428815569195,
    0.35954401237624034,
    0.3606179654598236,
    0.3596462939466749,
    0.36034395098686217,
    0.36043540494782583,
    0.3592651946204049,
    0.359833323104041,
    0.3599873491695949,
    0.36093750510896955,
    0.36111848865236557,
    0.3608554754938398,
    0.3599428083215441,
    0.36085685747010365,
    0.36081951516015187,
    0.3606585970946721,
    0.3605393673692431,
    0.35894699948174613,
    0.36103676131793433,
    0.3607974180153438,
    0.3604465527193887,
    0.360002053635461,
    0.3599998142038073,
    0.3605755729334695,
    0.3613293647766113,
    0.3597197345324925,
    0.3594898462295532,
    0.3600812426635197,
    0.3606964920248304,
    0.3605966942650931,
    0.3596025219985417,
    0.36021736349378314,
    0.3605157451970237,
    0.36013009463037765,
    0.3613022421087537,
    0.3603436665875571,
    0.3608071412358965,
    0.3607777416706085,
    0.35976577486310685,
    0.3615677544048854,
    0.35991500530924114,
    0.35964257546833583,
    0.3608515364783151,
    0.36084313477788654,
    0.36064976028033663,
    0.3594654108796801,
    0.3601558106286185,
    0.3598237880638668,
    0.3602467681680407,
    0.360964275257928,
    0.36026123762130735,
    0.3598995293889727,
    0.3609477766922542,
    0.360798111983708,
    0.3601476422377995,
    0.3609032920428685,
    0.35927530782563344,
    0.3590489293847765,
    0.35983513593673705,
    0.35878527079309736,
    0.3587467798164913,
    0.35800818375178745,
    0.35774074281964985,
    0.3580552543912615,
    0.35793780769620626,
    0.3574668109416962,
    0.357060706615448,
    0.35808152726718356,
    0.35797868626458307,
    0.35729577881949287,
    0.35725120476314,
    0.3571110120841435,
    0.35785808052335466,
    0.3571154696600778,
    0.3584436161177499,
    0.3565767628805978,
    0.35766892518315996,
    0.35842890398842947,
    0.3565105881009783,
    0.3578907574926104,
    0.35682220203535897,
    0.3569621205329895,
    0.358454510143825,
    0.3563673428126744,
    0.3570727263178144,
    0.35697443059512546,
    0.3578861500535693,
    0.35740886586053033,
    0.3571333910737719,
    0.35639652609825134,
    0.3567370159285409,
    0.3557333665234702,
    0.3569628962448665,
    0.3551003413540976,
    0.3567198429788862,
    0.3563116874013628,
    0.356715361561094,
    0.3565357140132359,
    0.3567551953451974,
    0.35696826577186586,
    0.3575808141912733,
    0.35659962041037424,
    0.35689975534166607,
    0.3566810199192592,
    0.3559612819126674,
    0.3569795114653451,
    0.35649409208978927,
    0.35669054814747403,
    0.35579743555613924,
    0.3552608149392264,
    0.3561650403908321,
    0.35587913819721767,
    0.3559591140065874,
    0.35552925382341655,
    0.35525115047182354
  ],
  "test_metrics": {
    "precision@5": 0.44571428571428573,
    "recall@5": 0.3893754689183979,
    "ndcg@5": 0.4986531659005362,
    "precision@10": 0.35107142857142853,
    "recall@10": 0.5538408466226633,
    "ndcg@10": 0.5305605377913489,
    "precision@20": 0.22125,
    "recall@20": 0.6622540408630634,
    "ndcg@20": 0.5697125870759735,
    "auc": 0.7764067616865806
  }
}