{
  "config_name": "phase3_optimal",
  "seed": 999,
  "timestamp": "20250817_171345",
  "training_time": 635.0331130027771,
  "final_loss": 0.3569017231464386,
  "best_val_loss": 0.44323964789509773,
  "training_losses": [
    0.40894044893128534,
    0.3860739367348807,
    0.3771644575255258,
    0.37249391078948973,
    0.37238125801086425,
    0.3700532240527017,
    0.368284524338586,
    0.3676066620009286,
    0.3668183173452105,
    0.3653000465461186,
    0.36494851197515216,
    0.3644107971872602,
    0.3635575422218868,
    0.36388707416398186,
    0.363549587556294,
    0.3625748949391501,
    0.3629497247082846,
    0.36219902890069144,
    0.36256250057901657,
    0.3619179308414459,
    0.3613904127052852,
    0.36066378014428274,
    0.3619075953960419,
    0.36177440285682677,
    0.36086802908352444,
    0.36185325128691537,
    0.36075916290283205,
    0.3601147217409951,
    0.36145242708069936,
    0.36089114717074805,
    0.36089644602366855,
    0.36111131140163966,
    0.3606007814407349,
    0.36120544161115375,
    0.3609878446374621,
    0.3605073366846357,
    0.36125481043543134,
    0.35942124468939646,
    0.36064486844199045,
    0.36154304572514123,
    0.36082205431801934,
    0.3610699151243482,
    0.36064934985978264,
    0.3600846401282719,
    0.35929164886474607,
    0.36083796790667944,
    0.3599437526294163,
    0.35964009421212334,
    0.36100548931530546,
    0.3602069522653307,
    0.3608666828700474,
    0.35956059779439653,
    0.36008419224194116,
    0.3603763793195997,
    0.36021996821675983,
    0.360061958857945,
    0.358999502658844,
    0.3597630185740335,
    0.359931698015758,
    0.3602722099849156,
    0.361550863300051,
    0.359893627677645,
    0.3598731858389718,
    0.3604203232697078,
    0.3600926194872175,
    0.3602637665612357,
    0.3600954251629966,
    0.3597477299826486,
    0.35935051100594656,
    0.36112933329173497,
    0.36017945068223134,
    0.36037439703941343,
    0.3609357552868979,
    0.3602809420653752,
    0.36061524067606243,
    0.3600718004362924,
    0.36109035185405186,
    0.360066111598696,
    0.36182154842785424,
    0.36022361431803024,
    0.36053726843425205,
    0.3604333766869136,
    0.36080337251935685,
    0.3605173519679478,
    0.3605064196246011,
    0.3594984710216522,
    0.36125119754246304,
    0.36130149705069403,
    0.3599028468132019,
    0.3610667535236904,
    0.36017874819891793,
    0.36044934136526924,
    0.361331707239151,
    0.36079293489456177,
    0.36159043141773767,
    0.3616116183144706,
    0.36061142342431207,
    0.3616587443011148,
    0.35925053443227495,
    0.3603689636502947,
    0.3589794754981995,
    0.3599465387208121,
    0.3597802519798279,
    0.3574386034693037,
    0.35928334508623394,
    0.35776383791651045,
    0.35801998717444283,
    0.3579133306230817,
    0.35732859883989604,
    0.3580462106636592,
    0.3583906854901995,
    0.35798812082835607,
    0.35666068366595677,
    0.35702599031584603,
    0.3577330052852631,
    0.3579666197299957,
    0.3579447567462921,
    0.3561181707041604,
    0.3579415925911495,
    0.3580834720815931,
    0.3559221020766667,
    0.35617026175771443,
    0.35748102239200047,
    0.3574056046349662,
    0.3577778935432434,
    0.3576825797557831,
    0.35644913060324535,
    0.3568704400743757,
    0.3572892589228494,
    0.3562264178480421,
    0.35758321370397295,
    0.35780680349894933,
    0.3561676050935473,
    0.35641167504446847,
    0.35687718391418455,
    0.3570185320717948,
    0.35735782044274467,
    0.3556596509047917,
    0.35698178495679583,
    0.356377341066088,
    0.35554057700293407,
    0.35630219663892476,
    0.3565173055444445,
    0.35659030335290093,
    0.35584979142461504,
    0.35641373906816753,
    0.356266610963004,
    0.3563461916787284,
    0.35611057877540586,
    0.35648794429642816,
    0.35522880383900235,
    0.35711223908833095,
    0.3555463867528098,
    0.3561085104942322,
    0.3553142615727016,
    0.3546661376953125,
    0.3570253525461469,
    0.3575923102242606,
    0.3572792862142835,
    0.3569017231464386
  ],
  "test_metrics": {
    "precision@5": 0.4578571428571429,
    "recall@5": 0.3950169359548506,
    "ndcg@5": 0.5118999595359116,
    "precision@10": 0.3528571428571429,
    "recall@10": 0.5500237712095021,
    "ndcg@10": 0.5364407086093915,
    "precision@20": 0.21982142857142856,
    "recall@20": 0.6560030200584711,
    "ndcg@20": 0.5733254520520948,
    "auc": 0.7730238943640344
  }
}