{
  "config_name": "phase3_optimal",
  "seed": 42,
  "timestamp": "20250817_163132",
  "training_time": 632.4693830013275,
  "final_loss": 0.35555694954735895,
  "best_val_loss": 0.44398798793554306,
  "training_losses": [
    0.40875796335084097,
    0.38583897863115585,
    0.37601261394364494,
    0.37235527975218635,
    0.37090387855257306,
    0.3698007983820779,
    0.36780024766922,
    0.3668055031980787,
    0.36610724925994875,
    0.3648455934865134,
    0.3643856508391244,
    0.36447341186659676,
    0.3636571943759918,
    0.3633031683308738,
    0.3629817111151559,
    0.36352209959711346,
    0.36222401431628637,
    0.36128836188997543,
    0.36128898944173543,
    0.36219712240355356,
    0.3624382257461548,
    0.3615746821675982,
    0.3611611434391567,
    0.36124635679381234,
    0.36182959164891926,
    0.36037172079086305,
    0.36158774409975325,
    0.3604398991380419,
    0.361103378874915,
    0.3620848315102713,
    0.36094811473573957,
    0.3605199038982391,
    0.36049556987626213,
    0.36083701252937317,
    0.36100986770221166,
    0.3605921123708997,
    0.3598757028579712,
    0.36080810597964696,
    0.3603406820978437,
    0.3595624336174556,
    0.3596253378050668,
    0.36075701202665056,
    0.36121812037059237,
    0.3601003876754216,
    0.3606110300336565,
    0.36024629984583173,
    0.3595789194107056,
    0.36007118906293595,
    0.36094990372657776,
    0.3601029063974108,
    0.3600955384118216,
    0.36083166258675714,
    0.3611228474548885,
    0.3614442910466875,
    0.35991613694599695,
    0.3605805797236306,
    0.3612505716936929,
    0.36108376213482446,
    0.36038100719451904,
    0.36130389145442415,
    0.36073135903903414,
    0.36070918015071324,
    0.3613837284701211,
    0.35883583511625017,
    0.3601092440741403,
    0.3614206995282854,
    0.3600596708910806,
    0.3603503380502973,
    0.36008868643215725,
    0.36016862818173,
    0.3603145284312112,
    0.35895968931061883,
    0.3595958743776594,
    0.3601309435708182,
    0.3602372339793614,
    0.3589993042605264,
    0.3600870873246874,
    0.35939584289278304,
    0.36051102110317773,
    0.3593721926212311,
    0.36085264682769774,
    0.3602151904787336,
    0.35956594603402275,
    0.35990899886403765,
    0.3612756533282144,
    0.3603500987802233,
    0.36109658649989534,
    0.36080969061170304,
    0.36099466596330915,
    0.36076172419956754,
    0.360715765612466,
    0.3612096377781459,
    0.3602476017815726,
    0.359444157566343,
    0.3598392248153687,
    0.3590110353061131,
    0.36198767679078236,
    0.361243565593447,
    0.36022575753075736,
    0.3603596542562757,
    0.3606918632984161,
    0.3599089298929487,
    0.3592489004135132,
    0.3574775959764208,
    0.3577772719519479,
    0.35815782632146564,
    0.3580560122217451,
    0.35978273579052517,
    0.3582469029085977,
    0.358498820236751,
    0.35730941465922766,
    0.3575059984411512,
    0.3579125225543976,
    0.3574652348245893,
    0.3579772131783622,
    0.3581223096166338,
    0.35776865822928294,
    0.3569191183362688,
    0.357590799672263,
    0.3560434103012085,
    0.35700378843716213,
    0.3572350008147103,
    0.35690849678856984,
    0.35788761973381045,
    0.35630592363221303,
    0.35790582384381975,
    0.35661808337484086,
    0.35769797819001337,
    0.35631121907915386,
    0.35681571194103784,
    0.35750154001372203,
    0.3562829307147435,
    0.35710553441728865,
    0.35578702007021223,
    0.3573665303843362,
    0.35649748614856175,
    0.3562967675072806,
    0.3572378933429718,
    0.35566579273768834,
    0.35725928459848677,
    0.3566000555242811,
    0.3564794591494969,
    0.3551900599684034,
    0.35702147143227714,
    0.3556770086288452,
    0.3566267124244145,
    0.35701049055371964,
    0.35674266815185546,
    0.3562656794275556,
    0.35610647456986566,
    0.3561606270926339,
    0.355646812915802,
    0.35593625051634653,
    0.35637626222201757,
    0.35547932301248825,
    0.3555253744125366,
    0.35581570182527816,
    0.3565859820161547,
    0.35494981152670724,
    0.35555694954735895
  ],
  "test_metrics": {
    "precision@5": 0.43714285714285717,
    "recall@5": 0.37541766450476644,
    "ndcg@5": 0.47404519820424035,
    "precision@10": 0.3514285714285714,
    "recall@10": 0.5441379936068403,
    "ndcg@10": 0.5109465339230679,
    "precision@20": 0.21785714285714286,
    "recall@20": 0.6481988946204172,
    "ndcg@20": 0.5473207851038909,
    "auc": 0.7687117190980542
  }
}