{
  "config_name": "all_features",
  "seed": 999,
  "timestamp": "20250817_150652",
  "training_time": 1296.5624339580536,
  "final_loss": 0.35956509453909735,
  "best_val_loss": 0.4832886718213558,
  "training_losses": [
    0.6615069474492754,
    0.6434340170451573,
    0.6201432449477059,
    0.5963447945458549,
    0.5746681894574847,
    0.5510911873408726,
    0.5249909341335297,
    0.504895042521613,
    0.49018232226371766,
    0.48192417281014577,
    0.47817599603107996,
    0.47571391122681755,
    0.46865320205688477,
    0.46812175597463335,
    0.4684930375644139,
    0.45946265373911177,
    0.46071533731051856,
    0.4570537235055651,
    0.4542012981006077,
    0.4552903856549944,
    0.4503724719796862,
    0.4488070845603943,
    0.4492776427950178,
    0.4456578382423946,
    0.44596301572663444,
    0.4462389179638454,
    0.4410926554884229,
    0.44156900899750845,
    0.4403429848807199,
    0.439189669915608,
    0.43779622997556417,
    0.4377342811652592,
    0.4332167685031891,
    0.4314647104058947,
    0.432051043851035,
    0.4301844358444214,
    0.42868318472589767,
    0.42503669943128314,
    0.4264872491359711,
    0.4232483335903713,
    0.4223171464034489,
    0.4207128703594208,
    0.4195916473865509,
    0.41626891834395274,
    0.41622305853026254,
    0.4166457695620401,
    0.4164350152015686,
    0.4128394305706024,
    0.413512293781553,
    0.40891526341438295,
    0.409644820860454,
    0.4081865991864886,
    0.4081399815423148,
    0.4074569421155112,
    0.404011846440179,
    0.40380534529685974,
    0.402055185181754,
    0.4016340562275478,
    0.4023817224161966,
    0.40048732331820897,
    0.4008087056023734,
    0.39831511974334716,
    0.39692931004932946,
    0.39798634478024075,
    0.394401296547481,
    0.394752654007503,
    0.3955603412219456,
    0.394577945130212,
    0.3937658514295306,
    0.39325650334358214,
    0.39397965669631957,
    0.39194519860403876,
    0.39070367642811366,
    0.3906856996672494,
    0.3906789941447122,
    0.38905534829412186,
    0.3911954769066402,
    0.3863398126193455,
    0.3883649127823966,
    0.3867548499788557,
    0.3863994700568063,
    0.38584926639284406,
    0.3861613597188677,
    0.38579789910997664,
    0.38335202166012355,
    0.3820757295404162,
    0.3843968995979854,
    0.38250653232846943,
    0.3816784543650491,
    0.3813110487801688,
    0.3819198369979858,
    0.37946062684059145,
    0.38142931120736256,
    0.37891304407800946,
    0.3793495808328901,
    0.37840767673083714,
    0.3774028982434954,
    0.3778170551572527,
    0.3746715179511479,
    0.3758274189063481,
    0.37377155934061324,
    0.37471511789730616,
    0.37295104690960473,
    0.3712646876062666,
    0.37219724484852384,
    0.37027345725468225,
    0.3712657017367227,
    0.3704688038144793,
    0.369746903862272,
    0.36927052821431844,
    0.36935232196535384,
    0.3693579810006278,
    0.3677758199828012,
    0.3677463335650308,
    0.3673011643545968,
    0.36811202679361615,
    0.3674329774720328,
    0.3651918504919325,
    0.36672111323901585,
    0.3666578011853354,
    0.3645939094679696,
    0.3644306123256683,
    0.36579125012670244,
    0.3638842054775783,
    0.36434761796678816,
    0.3637828631060464,
    0.36243024723870415,
    0.3636902698448726,
    0.3644567387444632,
    0.3618763702256339,
    0.362560202394213,
    0.363131217445646,
    0.36088344284466334,
    0.3611545613833836,
    0.3617600756032126,
    0.3617260430540357,
    0.3620989382266998,
    0.36031078015054974,
    0.36121775593076433,
    0.3602919144289834,
    0.3588670083454677,
    0.35922804730279106,
    0.35954876031194416,
    0.3600791735308511,
    0.359478075163705,
    0.35975989103317263,
    0.3599493852683476,
    0.3600463458469936,
    0.35870603578431265,
    0.3594484099320003,
    0.35881889717919485,
    0.36024692228862215,
    0.35855905073029654,
    0.3586521463734763,
    0.35772934811455864,
    0.35783785240990773,
    0.35906315871647426,
    0.3595865249633789,
    0.3597882398537227,
    0.35956509453909735
  ],
  "test_metrics": {
    "precision@5": 0.3657142857142857,
    "recall@5": 0.30200707379320263,
    "ndcg@5": 0.4151010058345442,
    "precision@10": 0.27607142857142863,
    "recall@10": 0.43431001076359876,
    "ndcg@10": 0.4275408890735381,
    "precision@20": 0.1780357142857143,
    "recall@20": 0.5417934717286498,
    "ndcg@20": 0.46609960400750217,
    "auc": 0.6951596960500319
  }
}