{
  "config_name": "all_features",
  "seed": 42,
  "timestamp": "20250817_115027",
  "training_time": 2911.3691091537476,
  "final_loss": 0.3586094728537968,
  "best_val_loss": 0.4857603535056114,
  "training_losses": [
    0.6539063692092896,
    0.6344362548419408,
    0.6115751828466143,
    0.5857667565345764,
    0.5636939866202219,
    0.5364269767488752,
    0.515985996382577,
    0.49943000163350787,
    0.4869212601866041,
    0.4791152238845825,
    0.4760489583015442,
    0.4707779254232134,
    0.468717702797481,
    0.46745954326220923,
    0.4615819215774536,
    0.46373341594423567,
    0.4594355855669294,
    0.4553089141845703,
    0.4543431043624878,
    0.45426605599267145,
    0.45133404987198966,
    0.45076280406543184,
    0.4506900293486459,
    0.44674057960510255,
    0.4463564038276672,
    0.44281965579305377,
    0.4398676242147173,
    0.44259524941444395,
    0.4388333490916661,
    0.43915862015315466,
    0.4407337622983115,
    0.4347759621483939,
    0.4326194959027427,
    0.4334442257881165,
    0.43076651777539937,
    0.4286820437226977,
    0.4293461152485439,
    0.42666824885777066,
    0.4263374447822571,
    0.42304925067084176,
    0.42334908843040464,
    0.4223268066133772,
    0.4218076084341322,
    0.41783272198268345,
    0.4159398070403508,
    0.4145926807607923,
    0.41515315004757475,
    0.41353281225476946,
    0.4149047698293413,
    0.41042388592447554,
    0.4115070930549077,
    0.4099477461406163,
    0.4101377487182617,
    0.4079535416194371,
    0.40513686963490075,
    0.40464291742869785,
    0.4042960371289934,
    0.4031500850405012,
    0.4027949503489903,
    0.40004796470914566,
    0.4010818370750972,
    0.3997788429260254,
    0.4009637108870915,
    0.3957243025302887,
    0.39844659737178256,
    0.397311760698046,
    0.394904329095568,
    0.39607746515955244,
    0.39495713540485927,
    0.39404544915471756,
    0.39342484303883146,
    0.3901679107121059,
    0.39194066865103583,
    0.39172060234206063,
    0.3920734098979405,
    0.3877360463142395,
    0.38974652545792715,
    0.38800659009388516,
    0.38873845849718364,
    0.3865009946482522,
    0.38628361565726144,
    0.3866886692387717,
    0.3845428960663932,
    0.3850538304873875,
    0.38534250174249923,
    0.38438440561294557,
    0.3839483627251216,
    0.3833108399595533,
    0.38318264143807546,
    0.3820728370121547,
    0.38218920145715984,
    0.3812231353351048,
    0.3790894363607679,
    0.3781513656888689,
    0.3785164177417755,
    0.37688007865633283,
    0.37917173760277884,
    0.37762290154184613,
    0.37612365399088177,
    0.3752555319241115,
    0.37548325061798093,
    0.37445004497255596,
    0.37377166748046875,
    0.3713898973805564,
    0.3720876770360129,
    0.37157969645091465,
    0.3708778636796134,
    0.3733841495854514,
    0.37051391771861486,
    0.3702176477227892,
    0.36903434566089083,
    0.369234516790935,
    0.36930273175239564,
    0.3678809574672154,
    0.36881118842533656,
    0.36782787612506324,
    0.3669980534485408,
    0.3663902367864336,
    0.36665269136428835,
    0.364327654668263,
    0.36638152258736745,
    0.3668297503675733,
    0.36513611929757256,
    0.36492337584495543,
    0.36462324431964327,
    0.36469703912734985,
    0.3639324877943311,
    0.3638061659676688,
    0.36275973490306307,
    0.3630987116268703,
    0.3628032999379294,
    0.3628855901105063,
    0.36177693179675513,
    0.36080093468938557,
    0.3622412059988294,
    0.3614189548151834,
    0.3612412691116333,
    0.36135256375585284,
    0.36033872961997987,
    0.3611794207777296,
    0.3602732675416129,
    0.36047205073492866,
    0.3591351934841701,
    0.3609416893550328,
    0.35990769692829677,
    0.3601762405463627,
    0.36009331941604616,
    0.36069268669400895,
    0.3593085706233978,
    0.3594558230468205,
    0.35901122689247134,
    0.3585581013134548,
    0.35887944528034754,
    0.3595279863902501,
    0.35879579952784946,
    0.3589870342186519,
    0.35859172684805735,
    0.3600476835455213,
    0.35753930466515677,
    0.3586094728537968
  ],
  "test_metrics": {
    "precision@5": 0.3585714285714286,
    "recall@5": 0.29684682875113,
    "ndcg@5": 0.3955029631727285,
    "precision@10": 0.27892857142857147,
    "recall@10": 0.4289623263886587,
    "ndcg@10": 0.4143687621972302,
    "precision@20": 0.1826785714285714,
    "recall@20": 0.537119739182018,
    "ndcg@20": 0.4548040046690099,
    "auc": 0.6948664055094235
  }
}