{
  "config_name": "all_features",
  "seed": 456,
  "timestamp": "20250817_134121",
  "training_time": 3045.3354930877686,
  "final_loss": 0.35900025623185294,
  "best_val_loss": 0.48024796321988106,
  "training_losses": [
    0.6544477564947946,
    0.6316971523421151,
    0.6115013837814331,
    0.5886758702141898,
    0.560942714554923,
    0.5334916080747332,
    0.5129947253635951,
    0.4959525465965271,
    0.4862614759377071,
    0.4805235896791731,
    0.476239127772195,
    0.472852486371994,
    0.4712600954941341,
    0.46555838670049393,
    0.4666971819741385,
    0.46026668889181954,
    0.45654651522636414,
    0.45653020058359417,
    0.4558663053171975,
    0.4542718461581639,
    0.45288289274488175,
    0.44959401573453633,
    0.44864518812724524,
    0.44501301986830577,
    0.4462786717074258,
    0.44543966480663844,
    0.44308525749615263,
    0.4405998510973794,
    0.44120779633522034,
    0.43950451016426084,
    0.4376682809420994,
    0.43664112772260394,
    0.43388898032052176,
    0.43260152765682763,
    0.433328253030777,
    0.43065022996493746,
    0.42758158445358274,
    0.42714696185929435,
    0.42590997900281635,
    0.4242352264268058,
    0.42172492487089974,
    0.41899631108556473,
    0.4191834815910884,
    0.41895576460020884,
    0.41602227772985184,
    0.41416213597570145,
    0.4124915548733303,
    0.4130817200456347,
    0.41181051901408605,
    0.4102475277015141,
    0.4104412743023464,
    0.4092534678322928,
    0.40561965363366265,
    0.4049909574644906,
    0.405304627759116,
    0.40588714735848563,
    0.4049317147050585,
    0.4020153752395085,
    0.4001374406473977,
    0.4013206362724304,
    0.40093825629779273,
    0.4009377683912005,
    0.3989877368722643,
    0.3965136400290898,
    0.39766740288053243,
    0.3969569606440408,
    0.39465201922825405,
    0.39393588049071177,
    0.3944006085395813,
    0.3924864913736071,
    0.39071856396538873,
    0.3914524248668126,
    0.3907738711152758,
    0.3900587890829359,
    0.3897995054721832,
    0.39157949430601935,
    0.3872455929006849,
    0.3867852747440338,
    0.38730045982769556,
    0.38735186117036,
    0.3867742419242859,
    0.3852123303072793,
    0.38549079043524603,
    0.38528206944465637,
    0.3843506293637412,
    0.3848957146917071,
    0.383228714125497,
    0.38142178058624265,
    0.38214406626565117,
    0.38168622425624305,
    0.3805218321936471,
    0.38075617381504606,
    0.37994290249688284,
    0.3780409004007067,
    0.37757116896765575,
    0.3777209145682199,
    0.37773393903459823,
    0.3777282680783953,
    0.37546958838190353,
    0.37461098177092417,
    0.3753514698573521,
    0.3728542796203068,
    0.375164304460798,
    0.37274429542677745,
    0.3720938060964857,
    0.37100795677730014,
    0.3727761277130672,
    0.3698572243962969,
    0.3712613676275526,
    0.37001224671091354,
    0.3696497917175293,
    0.3696050362927573,
    0.368211088010243,
    0.36866488882473536,
    0.3677485363824027,
    0.36798968059676035,
    0.3677975407668522,
    0.36682147894586836,
    0.364884752035141,
    0.3663877248764038,
    0.3660487694399697,
    0.36682440723691667,
    0.3667979180812836,
    0.3648259137357984,
    0.3641747159617288,
    0.36447667394365585,
    0.3642035322529929,
    0.36340400406292506,
    0.3626486054488591,
    0.36297605804034644,
    0.3625161579677037,
    0.3620778024196625,
    0.3613900465624673,
    0.361382475069591,
    0.36039356078420365,
    0.36211032441684177,
    0.36148197310311453,
    0.3605339527130127,
    0.3611161581107548,
    0.3608843011515481,
    0.362192017691476,
    0.3606511218207223,
    0.36265983411243985,
    0.36025405866759164,
    0.3590659831251417,
    0.36060347557067873,
    0.3591044613293239,
    0.35942221539361136,
    0.36021110585757665,
    0.3594513995306832,
    0.3593362723078046,
    0.3606565432889121,
    0.36027000801903863,
    0.35839491060801915,
    0.3610743914331709,
    0.3590818805353982,
    0.3581367066928319,
    0.35910465717315676,
    0.3587629224572863,
    0.35900025623185294
  ],
  "test_metrics": {
    "precision@5": 0.36928571428571433,
    "recall@5": 0.30848324460442994,
    "ndcg@5": 0.42267269474286184,
    "precision@10": 0.2810714285714286,
    "recall@10": 0.43930169071063596,
    "ndcg@10": 0.4345694248732816,
    "precision@20": 0.18196428571428572,
    "recall@20": 0.5505168942960573,
    "ndcg@20": 0.4749216241030156,
    "auc": 0.7038025582349083
  }
}