{
  "config_name": "all_features",
  "seed": 123,
  "timestamp": "20250817_123859",
  "training_time": 3741.1886360645294,
  "final_loss": 0.3586391457489559,
  "best_val_loss": 0.48075201734900475,
  "training_losses": [
    0.6504953163010734,
    0.6289570127214704,
    0.6061286466462271,
    0.5766780376434326,
    0.554666234765734,
    0.5273251865591322,
    0.5092576154640742,
    0.4964571603706905,
    0.4860168320792062,
    0.4778401357786996,
    0.4729928621223995,
    0.4745842090674809,
    0.4678670125348227,
    0.4657305938856942,
    0.4648718936102731,
    0.4627372639519828,
    0.4571570158004761,
    0.4606044684137617,
    0.4567984964166369,
    0.45337802512305125,
    0.4534186635698591,
    0.4521554010254996,
    0.4483660204069955,
    0.4463308164051601,
    0.44656464968408854,
    0.4427389255591801,
    0.4434990755149296,
    0.4398015192576817,
    0.439611165864127,
    0.44013221604483466,
    0.4375864863395691,
    0.4356131477015359,
    0.43525030442646573,
    0.43385298763002667,
    0.43132590225764683,
    0.43223498123032705,
    0.42656962445804053,
    0.4284239334719522,
    0.4287470204489572,
    0.4226392115865435,
    0.4231949772153582,
    0.4205335319042206,
    0.4179497846535274,
    0.417443266085216,
    0.41525847145489286,
    0.415633271421705,
    0.41305516702788214,
    0.41424500686781746,
    0.41216914398329596,
    0.4097286556448255,
    0.4098394640854427,
    0.4080175961766924,
    0.407582174880164,
    0.40693938732147217,
    0.4034924268722534,
    0.4046281346252986,
    0.404621022939682,
    0.4035449888025011,
    0.4023617463452475,
    0.40093848705291746,
    0.3990801657949175,
    0.3996939139706748,
    0.39944073472704206,
    0.39785773498671395,
    0.3957901622567858,
    0.3966393445219312,
    0.3948421691145216,
    0.39401882546288625,
    0.39530304585184367,
    0.39340391499655586,
    0.3936430633068085,
    0.3914656630584172,
    0.3916050783225468,
    0.3923660968031202,
    0.39128546033586775,
    0.3905564112322671,
    0.38948056697845457,
    0.3896354522023882,
    0.3895037582942418,
    0.3896850858415876,
    0.38672413655689786,
    0.38534543769700186,
    0.3850809063230242,
    0.38533174906458173,
    0.38591573408671787,
    0.38210625563349043,
    0.3823664443833487,
    0.38202840856143405,
    0.3825882307120732,
    0.38196434038025995,
    0.3823986726147788,
    0.38070373960903714,
    0.3794731250831059,
    0.3789735666343144,
    0.37882568410464695,
    0.37874513609068733,
    0.377043194430215,
    0.3761990862233298,
    0.3767700978687831,
    0.37586796794618876,
    0.3744443450655256,
    0.37447286929403034,
    0.3741385281085968,
    0.3733941001551492,
    0.3721080269132342,
    0.37184493456568035,
    0.37194651961326597,
    0.3688533399786268,
    0.37146308081490653,
    0.36896780899592807,
    0.36857542651040215,
    0.36915990795407977,
    0.3702971015657697,
    0.36909221070153375,
    0.3689008789403098,
    0.36712338243212017,
    0.367932003736496,
    0.36732173902647836,
    0.3662190445831844,
    0.36738032528332304,
    0.36739250676972524,
    0.36390590241977144,
    0.3647800786154611,
    0.3654164842196873,
    0.3638232614312853,
    0.36470019051006863,
    0.3643060556479863,
    0.36383410607065475,
    0.3639157201562609,
    0.36259314588138036,
    0.36221076675823755,
    0.36365870322499955,
    0.3616524108818599,
    0.36191689372062685,
    0.3618686267307826,
    0.36225139243262156,
    0.36106561507497514,
    0.36012291823114667,
    0.36057096804891314,
    0.36127411723136904,
    0.3622606635093689,
    0.3605002352169582,
    0.36054278186389377,
    0.35934807913643974,
    0.3608842849731445,
    0.36057918327195304,
    0.3604549314294543,
    0.36153783798217776,
    0.3610656993729728,
    0.35964423928941996,
    0.35880507145609175,
    0.35957520008087157,
    0.35866381781441825,
    0.3592999577522278,
    0.35850286058017183,
    0.3591098325593131,
    0.3594268458230155,
    0.3581513430391039,
    0.358631831407547,
    0.3586391457489559
  ],
  "test_metrics": {
    "precision@5": 0.3728571428571429,
    "recall@5": 0.310875731396104,
    "ndcg@5": 0.41271935010849153,
    "precision@10": 0.2839285714285714,
    "recall@10": 0.4387196948003836,
    "ndcg@10": 0.42534540447223085,
    "precision@20": 0.18589285714285714,
    "recall@20": 0.5552886220431001,
    "ndcg@20": 0.46743418914343604,
    "auc": 0.7024741159195276
  }
}