{
  "config_name": "all_features",
  "seed": 789,
  "timestamp": "20250817_143207",
  "training_time": 2084.2494690418243,
  "final_loss": 0.35810965129307337,
  "best_val_loss": 0.482663881033659,
  "training_losses": [
    0.6530213849885124,
    0.6300089206014361,
    0.6107427886554173,
    0.5881915518215725,
    0.5570672137396676,
    0.5308106763022287,
    0.5059593898909432,
    0.49713278327669413,
    0.48230029600007196,
    0.48043116501399447,
    0.47367329256875174,
    0.4720618086201804,
    0.46716553824288504,
    0.46454114062445506,
    0.4619341211659568,
    0.4640755806650434,
    0.458181187084743,
    0.4585909630571093,
    0.45415764791624885,
    0.45297113060951233,
    0.45376465235437663,
    0.4486267030239105,
    0.4470950186252594,
    0.44869942579950606,
    0.445820289850235,
    0.44349767906325205,
    0.4441427162715367,
    0.44237859334264484,
    0.43939859015601024,
    0.43982114110674175,
    0.43962249330111913,
    0.43555412037031993,
    0.43841146911893575,
    0.4330323210784367,
    0.43171833327838355,
    0.43023873823029657,
    0.4286231211253575,
    0.42964604582105365,
    0.42671657970973426,
    0.4231212701116289,
    0.4249204022543771,
    0.4209628803389413,
    0.419735985994339,
    0.42108873043741496,
    0.41825420686176845,
    0.41575382011277334,
    0.41460537399564473,
    0.41328976239476883,
    0.41068536809512546,
    0.4124633916786739,
    0.411707637991224,
    0.40864293319838385,
    0.4083741307258606,
    0.4092100518090384,
    0.40755763735089984,
    0.4056386274950845,
    0.40429644244057794,
    0.40265118735177174,
    0.4012185684272221,
    0.4026648027556283,
    0.39987805230276924,
    0.4002117148467473,
    0.3970822845186506,
    0.39930671964372905,
    0.39812084010669163,
    0.3978512270109994,
    0.39525763307298933,
    0.3954496715750013,
    0.39593796474593024,
    0.39407626049859185,
    0.3925666775022234,
    0.392248089824404,
    0.39133756160736083,
    0.39041458453450884,
    0.39032435417175293,
    0.3895154799733843,
    0.3887963567461286,
    0.3899234311921256,
    0.38778102993965147,
    0.38836500474384855,
    0.3859273714678628,
    0.38719834770475114,
    0.3864636983190264,
    0.38488448773111616,
    0.38698077542441234,
    0.3829557342188699,
    0.3820359170436859,
    0.3818833027567182,
    0.3824989080429077,
    0.38193483863558086,
    0.379600749697004,
    0.3793947798865182,
    0.37799434406416754,
    0.3789775720664433,
    0.37823529413768225,
    0.378624894789287,
    0.3771324864455632,
    0.37673970375742233,
    0.37739807282175336,
    0.3749027703489576,
    0.3750483861991337,
    0.37344851578984944,
    0.37299844537462506,
    0.3737577046666827,
    0.37315272859164644,
    0.3719583008970533,
    0.3708654889038631,
    0.3703696540423802,
    0.3711438741002764,
    0.36961933970451355,
    0.3682877285139901,
    0.3690761191504342,
    0.36816714491162983,
    0.3686233597142356,
    0.36818508846419196,
    0.36695154309272765,
    0.36642004336629597,
    0.3665840080806187,
    0.3673467593533652,
    0.3675382469381605,
    0.3655013527188982,
    0.36689911995615276,
    0.36693553498813086,
    0.3644604350839342,
    0.3655330768653325,
    0.36364199434007916,
    0.36354898725237167,
    0.36522336602211,
    0.3628071401800428,
    0.3634192815848759,
    0.3624143217291151,
    0.36361995339393616,
    0.362636148078101,
    0.36280600002833774,
    0.3617576062679291,
    0.36141668472971233,
    0.36068285618509566,
    0.36229239531925744,
    0.35978921140943254,
    0.3617328081812177,
    0.36058506795338224,
    0.36043009332248144,
    0.3606385912214007,
    0.3608216839177268,
    0.3616381287574768,
    0.3605140813759395,
    0.3602768574442182,
    0.3602018884250096,
    0.3597944906779698,
    0.35951987334660124,
    0.3607444192681994,
    0.3599054387637547,
    0.3598756066390446,
    0.3588184339659555,
    0.35806614330836706,
    0.3588081393923078,
    0.35890163694109234,
    0.3589233083384378,
    0.35873385412352427,
    0.35810965129307337
  ],
  "test_metrics": {
    "precision@5": 0.35928571428571426,
    "recall@5": 0.30162786434043626,
    "ndcg@5": 0.40781641107281885,
    "precision@10": 0.27392857142857147,
    "recall@10": 0.4227516778549231,
    "ndcg@10": 0.4197076105281309,
    "precision@20": 0.1817857142857143,
    "recall@20": 0.5436836677837618,
    "ndcg@20": 0.4641557923658596,
    "auc": 0.701626869968006
  }
}