{
  "config_name": "baseline",
  "seed": 42,
  "timestamp": "20250816_211920",
  "training_time": 715.7077560424805,
  "final_loss": 0.35555695465632847,
  "best_val_loss": 0.44398799911141396,
  "training_losses": [
    0.40875795994486125,
    0.3858389743736812,
    0.3760126156466348,
    0.3723552814551762,
    0.3709038768495832,
    0.369800797530583,
    0.36780024937220984,
    0.36680550490106856,
    0.3661072484084538,
    0.36484559689249313,
    0.3643856542451041,
    0.36447341867855615,
    0.36365719522748674,
    0.3633031691823687,
    0.36298171877861024,
    0.3635221004486084,
    0.3622240092073168,
    0.3612883635929653,
    0.36128898944173543,
    0.362197117294584,
    0.36243822659764974,
    0.3615746830190931,
    0.36116114599364146,
    0.36124636019979206,
    0.3618295925004142,
    0.36037172334534784,
    0.3615877449512482,
    0.36043989998953685,
    0.36110337972640993,
    0.3620848298072815,
    0.3609481189932142,
    0.36051990474973405,
    0.3604955639157976,
    0.36083701252937317,
    0.3610098728111812,
    0.3605921140738896,
    0.35987570370946614,
    0.36080810001918245,
    0.36034068124634877,
    0.35956243276596067,
    0.35962534035955157,
    0.36075700862067084,
    0.3612181220735822,
    0.3601003919328962,
    0.36061103429113117,
    0.3602463041033064,
    0.3595789202622005,
    0.36007119502340046,
    0.3609499054295676,
    0.3601029072489057,
    0.36009553926331656,
    0.3608316591807774,
    0.36112284404890876,
    0.3614442910466875,
    0.3599161343915122,
    0.3605805771691459,
    0.36125057339668276,
    0.36108376213482446,
    0.3603810131549835,
    0.3613038906029293,
    0.36073135733604433,
    0.36070917759622845,
    0.3613837284701211,
    0.3588358393737248,
    0.3601092406681606,
    0.36142069527081083,
    0.36005967003958567,
    0.3603503380502973,
    0.36008868643215725,
    0.3601686315877097,
    0.3603145284312112,
    0.35895969186510357,
    0.35959587948662897,
    0.3601309435708182,
    0.360237238236836,
    0.35899930340903147,
    0.3600870898791722,
    0.3593958445957729,
    0.3605110253606524,
    0.35937219091824124,
    0.3608526476791927,
    0.3602151904787336,
    0.35956594347953796,
    0.359908994606563,
    0.36127565503120423,
    0.3603501013347081,
    0.3610965830939157,
    0.36080969316618783,
    0.3609946625573294,
    0.3607617224965777,
    0.36071576476097106,
    0.3612096437386104,
    0.3602475992270878,
    0.35944416182381767,
    0.3598392231123788,
    0.35901103360312325,
    0.361987681048257,
    0.3612435681479318,
    0.3602257524217878,
    0.36035965170179096,
    0.360691865001406,
    0.35990892818995884,
    0.3592488978590284,
    0.35747760108539034,
    0.3577772719519479,
    0.35815782632146564,
    0.35805601051875524,
    0.35978273834500996,
    0.3582469003541129,
    0.35849881853376114,
    0.357309410401753,
    0.3575059907776969,
    0.357912517445428,
    0.3574652305671147,
    0.3579772140298571,
    0.3581223138741085,
    0.35776866333825247,
    0.35691911918776376,
    0.3575908005237579,
    0.35604340859821865,
    0.3570037841796875,
    0.3572350033691951,
    0.3569084959370749,
    0.35788761377334594,
    0.35630592703819275,
    0.3579058221408299,
    0.3566180842263358,
    0.35769797733851844,
    0.3563112122671945,
    0.35681571194103784,
    0.35750154086521696,
    0.3562829290117536,
    0.35710552845682414,
    0.3557870158127376,
    0.3573665312358311,
    0.3564974870000567,
    0.35629676495279583,
    0.3572378933429718,
    0.3556657867772239,
    0.3572592880044665,
    0.3566000529697963,
    0.3564794625554766,
    0.3551900591169085,
    0.3570214697292873,
    0.3556770077773503,
    0.3566267141274044,
    0.35701048629624504,
    0.35674266559737067,
    0.35626567687307087,
    0.3561064728668758,
    0.35616062794412884,
    0.3556468163217817,
    0.35593624796186174,
    0.35637625881603785,
    0.35547932045800346,
    0.35552537867001127,
    0.35581570523125783,
    0.3565859820161547,
    0.35494981237820217,
    0.35555695465632847
  ],
  "test_metrics": {
    "precision@5": 0.43714285714285717,
    "recall@5": 0.37541766450476644,
    "ndcg@5": 0.47404519820424035,
    "precision@10": 0.3514285714285714,
    "recall@10": 0.5441379936068403,
    "ndcg@10": 0.5109465339230679,
    "precision@20": 0.21785714285714286,
    "recall@20": 0.6481988946204172,
    "ndcg@20": 0.5473207851038909,
    "auc": 0.7687117190980542
  }
}