{
  "config_name": "baseline",
  "seed": 123,
  "timestamp": "20250816_213116",
  "training_time": 665.2366580963135,
  "final_loss": 0.35561654227120537,
  "best_val_loss": 0.4469817392528057,
  "training_losses": [
    0.40962091173444476,
    0.3863029488495418,
    0.3760348149708339,
    0.3742482040609632,
    0.3703980394772121,
    0.3696443251201085,
    0.368614421572004,
    0.36672440767288206,
    0.36586062482425147,
    0.3655477285385132,
    0.36435992802892414,
    0.36515249354498724,
    0.36389157516615733,
    0.36367707337651933,
    0.3635433963366917,
    0.36303712470190863,
    0.36158127188682554,
    0.36279105544090273,
    0.36318681495530264,
    0.3620888011796134,
    0.36238433718681334,
    0.3617279648780823,
    0.3618901865822928,
    0.3604656653744834,
    0.3615328345979963,
    0.36123189840997966,
    0.3612401178904942,
    0.3605588895933969,
    0.35964921798024857,
    0.36111913323402406,
    0.3616062879562378,
    0.3610227159091404,
    0.36049055457115176,
    0.36009831428527833,
    0.361153758423669,
    0.3612626952784402,
    0.36077318702425276,
    0.3606060292039599,
    0.3612409429890769,
    0.3607928148337773,
    0.36153358902250016,
    0.3605209997722081,
    0.3609080604144505,
    0.3602707122053419,
    0.3600005277565547,
    0.3606211142880576,
    0.3598154647009713,
    0.36042495114462714,
    0.3618733312402453,
    0.3590090044907161,
    0.3605977381978716,
    0.3601124729428973,
    0.36029253346579415,
    0.3606729601110731,
    0.35983952965055194,
    0.36039970346859523,
    0.3606645814010075,
    0.35986199038369315,
    0.3605410695075989,
    0.36083146248544967,
    0.3600370696612767,
    0.360837083203452,
    0.35997285672596524,
    0.361102477141789,
    0.35906690444265094,
    0.3607865069593702,
    0.3607462465763092,
    0.35987861241613117,
    0.3609050640038082,
    0.36041020750999453,
    0.36043680310249326,
    0.3584069992814745,
    0.36010486824171883,
    0.3600785383156368,
    0.360722097328731,
    0.36007663692746844,
    0.3599941568715232,
    0.36259244339806695,
    0.3610949652535575,
    0.36135408963475907,
    0.35968457290104455,
    0.35986674002238683,
    0.3599103697708675,
    0.36079354626791815,
    0.3609156787395477,
    0.359433879171099,
    0.35931282469204495,
    0.3605254684175764,
    0.3606702889714922,
    0.3604816019535065,
    0.36127456596919466,
    0.3605517855712346,
    0.3602406978607178,
    0.36032748562949046,
    0.3595151092324938,
    0.3615956919533866,
    0.3600085897105081,
    0.35960651210376193,
    0.36046119332313536,
    0.35951271993773326,
    0.3601002778325762,
    0.3596349665096828,
    0.3596725199903761,
    0.35910296525274005,
    0.3585959655897958,
    0.35897432139941626,
    0.35892565590994696,
    0.35620048557009015,
    0.35846626588276453,
    0.3578161222594125,
    0.35682157448359897,
    0.357602014711925,
    0.3585104729448046,
    0.35791314329419815,
    0.35843034982681277,
    0.3574492037296295,
    0.3568890401295253,
    0.3578989020415715,
    0.35682812673704967,
    0.35773495861462185,
    0.35804714730807713,
    0.35563281178474426,
    0.3565469801425934,
    0.3576710249696459,
    0.3560597436768668,
    0.35714564493724277,
    0.35706222483089994,
    0.35685770000730244,
    0.35669434751783097,
    0.35734217166900634,
    0.3561839554991041,
    0.3570443706853049,
    0.35681146638734,
    0.3565875666482108,
    0.3564996063709259,
    0.3569652599947793,
    0.35674774391310554,
    0.35624787552016124,
    0.3565282302243369,
    0.35741411788122995,
    0.35800482204982215,
    0.35684115886688234,
    0.3568669778960092,
    0.35575019887515474,
    0.35698931046894616,
    0.3568058320454189,
    0.35666953836168563,
    0.35807754737990244,
    0.35705964054380146,
    0.3563629763466971,
    0.35563511763300215,
    0.35601209231785363,
    0.35544501628194536,
    0.35565906848226275,
    0.3565349153109959,
    0.3564330211707524,
    0.3563724194254194,
    0.35541296005249023,
    0.3556382979665484,
    0.35561654227120537
  ],
  "test_metrics": {
    "precision@5": 0.4435714285714286,
    "recall@5": 0.3852350278536148,
    "ndcg@5": 0.48657630324547957,
    "precision@10": 0.34785714285714286,
    "recall@10": 0.5401522386036981,
    "ndcg@10": 0.5151314718080732,
    "precision@20": 0.2207142857142857,
    "recall@20": 0.6562694680528327,
    "ndcg@20": 0.5572723896371244,
    "auc": 0.7726775294168208
  }
}