{
  "config_name": "baseline",
  "seed": 999,
  "timestamp": "20250816_224145",
  "training_time": 854.2137241363525,
  "final_loss": 0.35690172740391324,
  "best_val_loss": 0.44323964416980743,
  "training_losses": [
    0.40894044893128534,
    0.3860739358833858,
    0.37716445582253594,
    0.3724939056805202,
    0.3723812563078744,
    0.37005322575569155,
    0.3682845268930708,
    0.36760666285242355,
    0.3668183147907257,
    0.3653000525065831,
    0.3649485111236572,
    0.3644107971872602,
    0.3635575439248766,
    0.36388707331248693,
    0.3635495901107788,
    0.36257489323616027,
    0.36294973066874914,
    0.3621990254947117,
    0.36256249972752164,
    0.361917929989951,
    0.36139040844781056,
    0.3606637844017574,
    0.3619076022080013,
    0.36177440796579635,
    0.3608680273805346,
    0.36185325128691537,
    0.3607591663088117,
    0.3601147166320256,
    0.3614524262292044,
    0.3608911522797176,
    0.36089644176619395,
    0.36111131140163966,
    0.36060077803475515,
    0.3612054424626487,
    0.360987845488957,
    0.3605073366846357,
    0.3612548121384212,
    0.3594212463923863,
    0.3606448701449803,
    0.3615430440221514,
    0.3608220509120396,
    0.3610699142728533,
    0.3606493532657623,
    0.3600846401282719,
    0.35929164886474607,
    0.36083797301564896,
    0.3599437526294163,
    0.35964009506361827,
    0.36100548846381053,
    0.36020695311682566,
    0.3608666786125728,
    0.35956059779439653,
    0.36008419479642595,
    0.3603763793195997,
    0.36021996651377,
    0.36006196056093487,
    0.35899950776781353,
    0.35976301772253855,
    0.3599316895008087,
    0.36027220828192574,
    0.361550863300051,
    0.3598936251231602,
    0.3598731926509312,
    0.36042032071522306,
    0.36009261522974284,
    0.36026376826422557,
    0.3600954277174813,
    0.35974772913115366,
    0.3593505144119263,
    0.3611293341432299,
    0.36017944897924153,
    0.36037439703941343,
    0.3609357552868979,
    0.3602809497288295,
    0.3606152483395168,
    0.36007179958479746,
    0.3610903535570417,
    0.36006611330168586,
    0.3618215492793492,
    0.3602236075060708,
    0.36053726417677745,
    0.36043337838990347,
    0.36080336570739746,
    0.3605173485619681,
    0.36050641792161126,
    0.35949846931866236,
    0.3612511958394732,
    0.36130149790218896,
    0.35990284851619175,
    0.3610667518207005,
    0.360178747347423,
    0.3604493405137743,
    0.3613317029816764,
    0.3607929306370871,
    0.36159043652670725,
    0.3616116183144706,
    0.36061142768178667,
    0.36165874174663,
    0.3592505352837699,
    0.3603689670562744,
    0.3589794737952096,
    0.3599465387208121,
    0.3597802570887974,
    0.3574385975088392,
    0.3592833501952035,
    0.35776383280754087,
    0.35801999058042255,
    0.3579133331775665,
    0.35732860139438083,
    0.3580462106636592,
    0.3583906888961792,
    0.3579881191253662,
    0.3566606819629669,
    0.35702599116734096,
    0.3577330052852631,
    0.3579666197299957,
    0.3579447567462921,
    0.3561181707041604,
    0.35794159344264437,
    0.3580834661211286,
    0.3559220995221819,
    0.35617026601518903,
    0.3574810198375157,
    0.3574055995259966,
    0.3577778926917485,
    0.35768258316176277,
    0.35644913060324535,
    0.3568704426288605,
    0.3572892589228494,
    0.3562264144420624,
    0.35758321370397295,
    0.35780680349894933,
    0.35616760764803207,
    0.3564116724899837,
    0.35687718732016427,
    0.3570185320717948,
    0.3573578153337751,
    0.35565964579582215,
    0.35698178240231104,
    0.35637734532356263,
    0.3555405752999442,
    0.3563021923814501,
    0.35651730128696985,
    0.35659030590738566,
    0.35584979142461504,
    0.3564137407711574,
    0.356266610963004,
    0.3563461916787284,
    0.3561105753694262,
    0.35648794514792304,
    0.35522880128451756,
    0.35711223908833095,
    0.35554638249533516,
    0.3561085070882525,
    0.35531426327569143,
    0.3546661393983023,
    0.357025351694652,
    0.3575923093727657,
    0.35727928706577844,
    0.35690172740391324
  ],
  "test_metrics": {
    "precision@5": 0.4578571428571429,
    "recall@5": 0.3950169359548506,
    "ndcg@5": 0.5118999595359116,
    "precision@10": 0.3528571428571429,
    "recall@10": 0.5500237712095021,
    "ndcg@10": 0.5364407086093915,
    "precision@20": 0.21982142857142856,
    "recall@20": 0.6560030200584711,
    "ndcg@20": 0.5733254520520948,
    "auc": 0.7730238943640344
  }
}