{
  "config_name": "baseline",
  "seed": 456,
  "timestamp": "20250816_214222",
  "training_time": 1830.641884803772,
  "final_loss": 0.35617951580456325,
  "best_val_loss": 0.4434582032263279,
  "training_losses": [
    0.4089135382856641,
    0.3865680158138275,
    0.3765042441231864,
    0.3737708798476628,
    0.3713081853730338,
    0.36981901611600604,
    0.36752247299466817,
    0.36770242537770953,
    0.36606669681412835,
    0.36569739750453406,
    0.3657623427254813,
    0.3648640649659293,
    0.3650021084717342,
    0.364018680368151,
    0.3634683651583535,
    0.36219484550612313,
    0.3620258459023067,
    0.3610794527190072,
    0.3620395702975137,
    0.3614860168525151,
    0.3620245712144034,
    0.3607862719467708,
    0.36074936134474617,
    0.36071840439523967,
    0.36113093410219466,
    0.36023874708584375,
    0.3610444128513336,
    0.36098667638642445,
    0.36172075612204413,
    0.36065099324498856,
    0.3608612026487078,
    0.3608091584273747,
    0.36116330112729755,
    0.3595944745200021,
    0.36144119841711864,
    0.36004735827445983,
    0.36030438712665014,
    0.3615861390318189,
    0.36023473484175544,
    0.36016568541526794,
    0.35998099616595675,
    0.35970975586346216,
    0.360013918365751,
    0.3610909180981772,
    0.3601766645908356,
    0.3604295653956277,
    0.36069408740316117,
    0.36026905945369175,
    0.3605222599846976,
    0.3599275537899562,
    0.36025475689343045,
    0.36019502878189086,
    0.3599911527974265,
    0.3606319470064981,
    0.36086807932172504,
    0.36160659108843124,
    0.36081806932176863,
    0.3600941036428724,
    0.35998701453208926,
    0.3610473266669682,
    0.3607657653944833,
    0.3606701067515782,
    0.35993197560310364,
    0.35981239250728064,
    0.3601892488343375,
    0.3608096352645329,
    0.3599341605390821,
    0.3598834531647818,
    0.3593346919332232,
    0.3598441983972277,
    0.3589280094419207,
    0.3592186612742288,
    0.36067213926996505,
    0.35963846274784633,
    0.35987750462123325,
    0.3605052718094417,
    0.35989864468574523,
    0.3604742126805442,
    0.36016446096556526,
    0.361047386271613,
    0.36022149920463564,
    0.3594414753573281,
    0.3603739525590624,
    0.36040853347097124,
    0.36018232703208924,
    0.36135899680001393,
    0.36001169511250086,
    0.35971364804676603,
    0.3606452337333134,
    0.3601039290428162,
    0.35955422520637514,
    0.3608797780105046,
    0.36086987342153276,
    0.35924701605524334,
    0.35982029608317784,
    0.3605762464659555,
    0.3605307936668396,
    0.3607686110905239,
    0.3605463683605194,
    0.35957860691206794,
    0.3606366796152932,
    0.358589186838695,
    0.3601276823452541,
    0.35868700657572067,
    0.3585783132484981,
    0.357713953937803,
    0.35904429044042313,
    0.35756070017814634,
    0.3586945499692644,
    0.3581697131906237,
    0.3572288828236716,
    0.35857054846627373,
    0.35746981586728777,
    0.3575282531125205,
    0.3573108553886414,
    0.3576131990977696,
    0.35760491490364077,
    0.3570937250341688,
    0.35685456309999736,
    0.35710277216775077,
    0.35664450866835457,
    0.3575924345425197,
    0.3584750848157065,
    0.35642478466033933,
    0.35720972844532556,
    0.3578711748123169,
    0.35673141138894215,
    0.3572905651160649,
    0.35639878170830863,
    0.35620136857032775,
    0.35692162343433925,
    0.35651347722326004,
    0.3561493924685887,
    0.35573989408356804,
    0.35478908930506026,
    0.35715287923812866,
    0.35695710267339437,
    0.35588547927992686,
    0.3563694877283914,
    0.3562293784958976,
    0.3574879237583705,
    0.3570952023778643,
    0.3580017183508192,
    0.3564115532806941,
    0.35485867091587614,
    0.3571428256375449,
    0.35559063128062657,
    0.35616820624896456,
    0.3565331092902592,
    0.3559290145124708,
    0.3553145945072174,
    0.3567004212311336,
    0.3572118980543954,
    0.355173374073846,
    0.35733326418059214,
    0.3555739871093205,
    0.3556246255125318,
    0.35617554783821104,
    0.3558398757662092,
    0.35617951580456325
  ],
  "test_metrics": {
    "precision@5": 0.4385714285714286,
    "recall@5": 0.37623244663464694,
    "ndcg@5": 0.49284012291902984,
    "precision@10": 0.34464285714285714,
    "recall@10": 0.5389250286821881,
    "ndcg@10": 0.5214285583284279,
    "precision@20": 0.21839285714285717,
    "recall@20": 0.6539606855654788,
    "ndcg@20": 0.5629659848476974,
    "auc": 0.7704169801690591
  }
}