{
  "config_name": "baseline",
  "seed": 789,
  "timestamp": "20250816_221254",
  "training_time": 1730.8814868927002,
  "final_loss": 0.3552511487688337,
  "best_val_loss": 0.44190024212002754,
  "training_losses": [
    0.4089603815759931,
    0.3856287624154772,
    0.3771236036505018,
    0.37334196397236413,
    0.3708836649145399,
    0.36972947801862444,
    0.3682467486177172,
    0.36750857830047606,
    0.3662190173353468,
    0.36609738639422823,
    0.3648341085229601,
    0.36346582004002165,
    0.3632440830980028,
    0.36306647658348085,
    0.36326153108051845,
    0.3632835984230042,
    0.362068852356502,
    0.3618807639394488,
    0.3629040266786303,
    0.36150792496544976,
    0.3621710922036852,
    0.36184931908335005,
    0.3613141655921936,
    0.3617530609880175,
    0.36078170112201147,
    0.36266092232295444,
    0.3615753710269928,
    0.3613397904804775,
    0.3611395512308393,
    0.3612680639539446,
    0.36116322364125936,
    0.36049978307315284,
    0.3617925150053842,
    0.3605946591922215,
    0.3617969700268337,
    0.36109146816389903,
    0.360330798796245,
    0.36107310056686404,
    0.35993483918053765,
    0.35945186955588204,
    0.360841143982751,
    0.3603051492146083,
    0.3607914899076734,
    0.3613089748791286,
    0.3601386044706617,
    0.36015428815569195,
    0.35954401663371494,
    0.36061796631131854,
    0.3596462879862104,
    0.36034395098686217,
    0.36043540579932076,
    0.35926519547189983,
    0.35983331884656633,
    0.35998735002108984,
    0.360937511069434,
    0.3611184937613351,
    0.36085547379085,
    0.35994281087602886,
    0.3608568608760834,
    0.36081951430865694,
    0.360658597946167,
    0.36053936651774815,
    0.3589469986302512,
    0.36103676216942926,
    0.3607974214213235,
    0.3604465535708836,
    0.36000205448695594,
    0.3599998142038073,
    0.36057557719094413,
    0.3613293622221265,
    0.3597197370869773,
    0.3594898436750684,
    0.36008124096052985,
    0.36069649372782026,
    0.3605966993740627,
    0.3596025219985417,
    0.36021736689976286,
    0.3605157451970237,
    0.36013009122439793,
    0.3613022421087537,
    0.36034366147858754,
    0.3608071403844016,
    0.36077774337359836,
    0.3597657740116119,
    0.3615677561078753,
    0.3599150036062513,
    0.359642573765346,
    0.3608515415872846,
    0.360843140738351,
    0.3606497619833265,
    0.35946540917669023,
    0.3601558106286185,
    0.3598237863608769,
    0.36024676987103055,
    0.36096427866390773,
    0.36026123336383276,
    0.35989953109196254,
    0.36094777584075927,
    0.36079811113221305,
    0.3601476447922843,
    0.36090329119137354,
    0.3592753069741385,
    0.3590489293847765,
    0.3598351342337472,
    0.3587852690901075,
    0.3587467781135014,
    0.35800817949431285,
    0.35774075303758895,
    0.3580552569457463,
    0.35793780769620626,
    0.3574667990207672,
    0.35706070491245817,
    0.3580815204552242,
    0.35797868285860335,
    0.357295777116503,
    0.35725119965417046,
    0.357111018044608,
    0.3578580822263445,
    0.3571154696600778,
    0.35844361100878036,
    0.356576760326113,
    0.35766892518315996,
    0.3584289014339447,
    0.35651058980396816,
    0.3578907626015799,
    0.3568222028868539,
    0.3569621273449489,
    0.3584545075893402,
    0.35636734536715914,
    0.35707272291183473,
    0.3569744340011052,
    0.3578861517565591,
    0.3574088718209948,
    0.3571333953312465,
    0.3563965278012412,
    0.35673701678003583,
    0.3557333639689854,
    0.35696289794785635,
    0.3551003413540976,
    0.3567198378699166,
    0.3563116891043527,
    0.3567153581551143,
    0.3565357114587511,
    0.35675519364220754,
    0.35696826321738107,
    0.35758081333977837,
    0.3565996195588793,
    0.356899756193161,
    0.35668101481028963,
    0.35596128361565726,
    0.3569795106138502,
    0.3564940903867994,
    0.35669054644448417,
    0.3557974330016545,
    0.35526081579072133,
    0.35616504464830673,
    0.3558791416031974,
    0.35595911485808235,
    0.3555292512689318,
    0.3552511487688337
  ],
  "test_metrics": {
    "precision@5": 0.44571428571428573,
    "recall@5": 0.3893754689183979,
    "ndcg@5": 0.4986531659005362,
    "precision@10": 0.35107142857142853,
    "recall@10": 0.5538408466226633,
    "ndcg@10": 0.5305605377913489,
    "precision@20": 0.22125,
    "recall@20": 0.6622540408630634,
    "ndcg@20": 0.5697125870759735,
    "auc": 0.7764067616865806
  }
}