{
  "config_name": "full_graph",
  "seed": 456,
  "timestamp": "20250817_024854",
  "training_time": 1394.8270728588104,
  "final_loss": 0.353807087455477,
  "best_val_loss": 0.47200244292616844,
  "training_losses": [
    0.4258132244859423,
    0.4005918570927211,
    0.38570039442607335,
    0.3802997529506683,
    0.37764161910329547,
    0.3752384168761117,
    0.37299888474600656,
    0.37193496653011865,
    0.37047647918973653,
    0.3703180406774793,
    0.3697364091873169,
    0.3688898776258741,
    0.3688205821173532,
    0.3673746432576861,
    0.3672758604798998,
    0.36546345097678046,
    0.3651203845228468,
    0.36412683725357053,
    0.3651858857699803,
    0.36461559534072874,
    0.36519375358309064,
    0.3636186693395887,
    0.36347707169396537,
    0.3635975139481681,
    0.36348237821034024,
    0.36297074811799185,
    0.3635682957512992,
    0.3632706837994712,
    0.36418861321040563,
    0.3628004389149802,
    0.36265847086906433,
    0.362685820886067,
    0.3628784843853542,
    0.3619058234351022,
    0.3627480183328901,
    0.3621094720704215,
    0.3617380278451102,
    0.36316138676234655,
    0.3620418233530862,
    0.36170010566711425,
    0.36093038746288847,
    0.3606956762926919,
    0.3609166366713388,
    0.36230338641575405,
    0.36097924624170574,
    0.36132543087005614,
    0.3614733976977212,
    0.3612376127924238,
    0.36059591599873136,
    0.3602810902254922,
    0.36083192910466877,
    0.3607014298439026,
    0.3601920340742384,
    0.36047664029257637,
    0.36065145560673306,
    0.36161088347435,
    0.3611130118370056,
    0.3605966789381845,
    0.359321095262255,
    0.3606748376573835,
    0.36055472918919157,
    0.3607611962727138,
    0.359589375768389,
    0.3590937972068787,
    0.3596255872930799,
    0.3601439467498234,
    0.35901611958231244,
    0.3596168611730848,
    0.3589548809187753,
    0.35887236424854824,
    0.35782606261117117,
    0.35811901773725235,
    0.35967344215938024,
    0.3586695194244385,
    0.35854741505214144,
    0.35931091138294763,
    0.3584662548133305,
    0.3586234552519662,
    0.3585901771272932,
    0.3593227854796818,
    0.35870878611292156,
    0.357914788382394,
    0.35900350894246785,
    0.35879835997309,
    0.3587921500205994,
    0.3599394968577794,
    0.35857039519718714,
    0.358073765039444,
    0.3590339124202728,
    0.35824151720319475,
    0.3575766384601593,
    0.3586041441985539,
    0.35888721432004655,
    0.35737549236842564,
    0.3579163364001683,
    0.3584886542388371,
    0.35842248031071255,
    0.3590801843575069,
    0.35804269143513273,
    0.3580077656677791,
    0.35794907893453326,
    0.355756470986775,
    0.357521321943828,
    0.3558454547609602,
    0.35533401625497,
    0.3549817740917206,
    0.35587238328797477,
    0.35418822935649324,
    0.35564163838114055,
    0.35495078563690186,
    0.35408487149647305,
    0.35485759462629046,
    0.3540466368198395,
    0.3542341675077166,
    0.3541487404278347,
    0.3543109110423497,
    0.35390539935656956,
    0.35366383705820353,
    0.3532776798520769,
    0.35366484693118505,
    0.3532101784433637,
    0.3544080700193133,
    0.3554248741694859,
    0.353166435446058,
    0.3534457445144653,
    0.3543005577155522,
    0.35339675290243966,
    0.35378902980259486,
    0.35325530086244855,
    0.352993415083204,
    0.35360444358416965,
    0.3531209579535893,
    0.3527124685900552,
    0.35244292191096716,
    0.35179356932640077,
    0.35378818001065937,
    0.3536310817514147,
    0.3524065315723419,
    0.35357952628816874,
    0.35292491146496363,
    0.3544356771877834,
    0.3539565018245152,
    0.35496749707630704,
    0.35313082677977425,
    0.35201854365212576,
    0.3537352170263018,
    0.3529926206384386,
    0.3533249744347164,
    0.3536779284477234,
    0.3528009610516684,
    0.3524439973490579,
    0.35417398469788686,
    0.35393363663128447,
    0.3518452363354819,
    0.35460252250943863,
    0.3530116013118199,
    0.3527329385280609,
    0.3533881493977138,
    0.3532415892396654,
    0.353807087455477
  ],
  "test_metrics": {
    "precision@5": 0.29071428571428576,
    "recall@5": 0.2288572162394586,
    "ndcg@5": 0.3308278193389085,
    "precision@10": 0.2260714285714286,
    "recall@10": 0.34316752966368735,
    "ndcg@10": 0.3406923095544875,
    "precision@20": 0.15232142857142858,
    "recall@20": 0.45326966294430915,
    "ndcg@20": 0.3807867166024636,
    "auc": 0.6242180165358223
  }
}