{
  "config_name": "full_graph",
  "seed": 999,
  "timestamp": "20250817_034538",
  "training_time": 1552.5339698791504,
  "final_loss": 0.3538136797291892,
  "best_val_loss": 0.47144874557852745,
  "training_losses": [
    0.4262454152107239,
    0.40111443059785024,
    0.3864025737558092,
    0.3800304072243827,
    0.37879838858331955,
    0.37556018573897226,
    0.37377766030175347,
    0.3725510563169207,
    0.3718240167413439,
    0.3696849950722286,
    0.36926271063940863,
    0.3687759212085179,
    0.36777155484472,
    0.36800251262528555,
    0.3676161416939327,
    0.36647441812923975,
    0.3664922399180276,
    0.36556399975504195,
    0.36582376871790206,
    0.36512230464390344,
    0.36450867227145606,
    0.3637460274355752,
    0.36493593198912483,
    0.36449450424739294,
    0.3639506919043405,
    0.3645619068826948,
    0.36336559738431656,
    0.3625420902456556,
    0.3634392627647945,
    0.36309768216950555,
    0.3628715217113495,
    0.3636786035129002,
    0.3623882327760969,
    0.36321040306772506,
    0.36263207878385273,
    0.3621935478278569,
    0.3630045107432774,
    0.36051253165517533,
    0.36244438460894995,
    0.36276071071624755,
    0.3624099910259247,
    0.36202487094061714,
    0.3617607389177595,
    0.3608555597918374,
    0.36046365925243923,
    0.36168532712118967,
    0.360935948576246,
    0.3604088340486799,
    0.36186375447681973,
    0.3607886416571481,
    0.3616460459572928,
    0.36020368082182747,
    0.36052962030683244,
    0.36036599959645954,
    0.3603122174739838,
    0.3600628972053528,
    0.3589077753680093,
    0.35946675964764185,
    0.35974654725619726,
    0.36010146055902753,
    0.3611292345183236,
    0.3592998078891209,
    0.35935880882399424,
    0.3595981010368892,
    0.35912093945911955,
    0.35996553472110204,
    0.3592972457408905,
    0.358841050522668,
    0.35869058881487165,
    0.3602345662457602,
    0.35901129160608564,
    0.3596354978425162,
    0.3597347855567932,
    0.3591120728424617,
    0.3593095191887447,
    0.35894082614353723,
    0.35985749108450754,
    0.3588464932782309,
    0.3602352108274187,
    0.3587882033416203,
    0.358902097599847,
    0.3588841804436275,
    0.3593565319265638,
    0.35908778394971574,
    0.3590460436684745,
    0.35794696722711833,
    0.35938274775232587,
    0.35964578219822474,
    0.35851099150521415,
    0.3592408835887909,
    0.35878048368862697,
    0.3585931837558746,
    0.35967230541365486,
    0.3584140624318804,
    0.35949645468166896,
    0.3598081929343087,
    0.35860929233687266,
    0.3594549247196743,
    0.35737169555255344,
    0.35839977094105313,
    0.35700133272579737,
    0.357569032907486,
    0.35721777592386517,
    0.3546159199305943,
    0.35632757714816504,
    0.3546498545578548,
    0.35478353670665197,
    0.3548924114022936,
    0.3546307189123971,
    0.35465402858597894,
    0.3549816106046949,
    0.35506447979382105,
    0.3533485906464713,
    0.3535782839570727,
    0.3540624567440578,
    0.35458327531814576,
    0.35437277810914175,
    0.3529209511620658,
    0.35458608014242987,
    0.3551589352743966,
    0.3525321526186807,
    0.35295508078166415,
    0.3543614200183323,
    0.35375239508492606,
    0.3543402748448508,
    0.35394972733088903,
    0.3533072965485709,
    0.3532079126153673,
    0.354168747152601,
    0.3528888957841056,
    0.3541387362139566,
    0.3545299845082419,
    0.3528846451214382,
    0.35306668962751114,
    0.3535905889102391,
    0.35356176836150033,
    0.35384560653141567,
    0.35258004324776787,
    0.35387270876339505,
    0.35300122925213406,
    0.35234680260930745,
    0.35297616720199587,
    0.3532886496612004,
    0.35366426450865607,
    0.3525540258203234,
    0.35324717334338596,
    0.35331513966832845,
    0.3532186244215284,
    0.35305734617369516,
    0.3532189096723284,
    0.3524149971348899,
    0.3539256981440953,
    0.35270499672208516,
    0.35296027490070886,
    0.3522412257535117,
    0.35189906784466335,
    0.3540870887892587,
    0.3544294740472521,
    0.35494917460850306,
    0.3538136797291892
  ],
  "test_metrics": {
    "precision@5": 0.2978571428571429,
    "recall@5": 0.2376566375231236,
    "ndcg@5": 0.3376397136487214,
    "precision@10": 0.2275,
    "recall@10": 0.34872813582248013,
    "ndcg@10": 0.3461234870423496,
    "precision@20": 0.15178571428571427,
    "recall@20": 0.45106966530631387,
    "ndcg@20": 0.3838778858386779,
    "auc": 0.6164700278197466
  }
}