{
  "config_name": "full_graph",
  "seed": 123,
  "timestamp": "20250817_023211",
  "training_time": 1001.545948266983,
  "final_loss": 0.35266796691077096,
  "best_val_loss": 0.4738369472324848,
  "training_losses": [
    0.42751280069351194,
    0.4012623131275177,
    0.3855507254600525,
    0.38159185818263464,
    0.3773158712046487,
    0.37521280135427204,
    0.3739440781729562,
    0.3711226284503937,
    0.3707438239029476,
    0.36975909301212856,
    0.36868332709584917,
    0.3691649547645024,
    0.36774930613381523,
    0.36798242330551145,
    0.3675331541470119,
    0.3665061524936131,
    0.3654783598014287,
    0.36623626010758537,
    0.3662406265735626,
    0.3652855038642883,
    0.3655483484268188,
    0.3645764529705048,
    0.3645446836948395,
    0.363384473323822,
    0.36460333807127815,
    0.3639347331864493,
    0.3638632093157087,
    0.3629668380532946,
    0.3620247398103986,
    0.36317263075283596,
    0.36367865460259574,
    0.3626532963344029,
    0.36240203295435225,
    0.36186119318008425,
    0.36249458278928487,
    0.36340129460607257,
    0.3625050110476358,
    0.36209178481783183,
    0.3624839859349387,
    0.3618383995124272,
    0.3630716383457184,
    0.36170585921832493,
    0.3618209055491856,
    0.36064443673406327,
    0.36052949598857337,
    0.3612982196467263,
    0.3606483067784991,
    0.36122415576662337,
    0.36232843569346834,
    0.35972449694361003,
    0.3608132609299251,
    0.3606599279812404,
    0.3600795388221741,
    0.36086338332721163,
    0.359737697669438,
    0.36066930634634836,
    0.3609195981706892,
    0.3599405663354056,
    0.36062673160008024,
    0.3606221386364528,
    0.35957886065755573,
    0.36069246104785374,
    0.35986004556928364,
    0.3605202112879072,
    0.3587321358067649,
    0.360065610068185,
    0.3600985041686467,
    0.3591695887701852,
    0.3601692174162183,
    0.3598063060215541,
    0.35945715648787363,
    0.3576160056250436,
    0.3586933161531176,
    0.35901364854403905,
    0.3598627592836108,
    0.35868026529039654,
    0.35894265345164705,
    0.36122717942510335,
    0.35982346279280525,
    0.36047391721180505,
    0.3584747186728886,
    0.3582592521395002,
    0.3585880322115762,
    0.3595878251961299,
    0.3596593260765076,
    0.3579905126776014,
    0.35781410336494446,
    0.3586803598063333,
    0.3590123610837119,
    0.35881220528057645,
    0.359929176739284,
    0.3589360782078334,
    0.3582660342965807,
    0.35831211294446674,
    0.35745930671691895,
    0.35962470173835753,
    0.3581143523965563,
    0.35792468445641656,
    0.35868740507534574,
    0.3576343510832105,
    0.35803942424910407,
    0.3573441028594971,
    0.35681250265666414,
    0.35636909433773584,
    0.35536054713385445,
    0.35601931044033597,
    0.3557790092059544,
    0.353504011460713,
    0.3553969826017107,
    0.3542126638548715,
    0.35347053749220714,
    0.35437450238636564,
    0.35528326886040823,
    0.35457139100347246,
    0.35517437287739345,
    0.35373745220048086,
    0.35399887902396066,
    0.35443160533905027,
    0.35312312160219467,
    0.3545921010630471,
    0.3546921406473432,
    0.3523509306567056,
    0.3533021194594247,
    0.35419771756444657,
    0.35274800658226013,
    0.3536744279520852,
    0.35370529294013975,
    0.3534534011568342,
    0.3536764306681497,
    0.35422159603663855,
    0.3528537690639496,
    0.3537377221243722,
    0.35325784598078047,
    0.3530793377331325,
    0.353326803445816,
    0.3540245933192117,
    0.3530909104006631,
    0.353108286857605,
    0.3530866324901581,
    0.3542055930410113,
    0.35466730168887545,
    0.3535930369581495,
    0.35359191043036325,
    0.35293033378464833,
    0.353872526543481,
    0.3536383603300367,
    0.35393241558756144,
    0.35493208851133073,
    0.3540046640804836,
    0.353253493138722,
    0.3525859330381666,
    0.3529808223247528,
    0.3530885543142046,
    0.35277669259480066,
    0.3537364891597203,
    0.35329946620123726,
    0.35332448652812415,
    0.35237409557615007,
    0.35264502934047154,
    0.35266796691077096
  ],
  "test_metrics": {
    "precision@5": 0.2892857142857143,
    "recall@5": 0.22580346735062568,
    "ndcg@5": 0.3233754826855935,
    "precision@10": 0.22857142857142856,
    "recall@10": 0.33644910991632576,
    "ndcg@10": 0.3344034369784656,
    "precision@20": 0.1542857142857143,
    "recall@20": 0.4551602256962164,
    "ndcg@20": 0.3771861550467591,
    "auc": 0.6181333717094786
  }
}