{
  "config_name": "full_graph",
  "seed": 789,
  "timestamp": "20250817_031209",
  "training_time": 2008.5536651611328,
  "final_loss": 0.35266186254365106,
  "best_val_loss": 0.4689537361264229,
  "training_losses": [
    0.4258520305156708,
    0.4002141092504774,
    0.38613173280443464,
    0.3801659567015512,
    0.37719741463661194,
    0.3753857399736132,
    0.37303963133266993,
    0.3721088494573321,
    0.37076193945748465,
    0.3706365261759077,
    0.36911932229995725,
    0.36765053697994776,
    0.36719162634440833,
    0.36690193925585063,
    0.3671524712017604,
    0.36715131742613655,
    0.36540602360452923,
    0.3651297611849649,
    0.36609633820397514,
    0.3647701399666922,
    0.3654357033116477,
    0.3646430594580514,
    0.3643926279885428,
    0.36465037209647044,
    0.3635037558419364,
    0.3649491403784071,
    0.3640843553202493,
    0.36382958378110614,
    0.36306909322738645,
    0.36376888241086686,
    0.36315738133021763,
    0.36276875478880743,
    0.36386407698903767,
    0.36255468385560174,
    0.36338389771325247,
    0.3627438127994537,
    0.36168305277824403,
    0.3624092527798244,
    0.361330908536911,
    0.3608578698975699,
    0.36217965057918006,
    0.36149232472692217,
    0.3617980633463178,
    0.3622291088104248,
    0.3611822094236101,
    0.3609135891710009,
    0.3604774134499686,
    0.36146148102624076,
    0.36022392511367796,
    0.3608080540384565,
    0.36070809194019865,
    0.35942279951913014,
    0.36021931341716223,
    0.3600811983857836,
    0.36140232511929105,
    0.3613183864525386,
    0.36081014360700336,
    0.35967191457748415,
    0.36058863316263473,
    0.3607042133808136,
    0.36032315407480514,
    0.3603981580053057,
    0.3588211417198181,
    0.3605921915599278,
    0.3601867267063686,
    0.3600603657109397,
    0.35947988969939093,
    0.35898703251566205,
    0.36016158035823276,
    0.3602849193981716,
    0.3589813368661063,
    0.3588811882904598,
    0.35932364974703107,
    0.3593509537833078,
    0.359401673078537,
    0.3584884652069637,
    0.3592079963002886,
    0.35916423116411483,
    0.3586327391011374,
    0.3602224665028708,
    0.35896525979042054,
    0.35927694439888,
    0.3592801025935582,
    0.3584300773484366,
    0.36034151656287056,
    0.35858130625316076,
    0.3581029610974448,
    0.35925724421228683,
    0.3591464042663574,
    0.35876709393092565,
    0.35764019404138836,
    0.35828854611941746,
    0.3578699665410178,
    0.35859675066811697,
    0.3590034169810159,
    0.3582734593323299,
    0.3584268271923065,
    0.35926829491342815,
    0.358754905632564,
    0.35786911078861783,
    0.358873564856393,
    0.3567056885787419,
    0.35646421824182783,
    0.35701548286846707,
    0.35602263382502963,
    0.35585915872028895,
    0.35494995287486486,
    0.35491612042699544,
    0.35536817482539584,
    0.3545526087284088,
    0.3542494092668806,
    0.35416661841528757,
    0.3551041909626552,
    0.35513194884572713,
    0.35403393336704797,
    0.35400415658950807,
    0.3538593888282776,
    0.35407246691840033,
    0.35370319741112843,
    0.35493987287793843,
    0.35325083902903964,
    0.3539373576641083,
    0.35517754895346504,
    0.35339150513921463,
    0.3543979014669146,
    0.35348825028964453,
    0.35349866662706647,
    0.3547141858509609,
    0.35323722958564757,
    0.3537108634199415,
    0.3538664400577545,
    0.35436231238501414,
    0.35446563618523735,
    0.35418578812054224,
    0.3531067592757089,
    0.3539789685181209,
    0.35265166929789954,
    0.35413403000150406,
    0.35213970371655057,
    0.3535850286483765,
    0.35299976808684214,
    0.3538298147065299,
    0.352970404284341,
    0.3530571639537811,
    0.35382989304406304,
    0.3547796598502568,
    0.3542010937418256,
    0.35374966944966996,
    0.3535632559231349,
    0.3531376200062888,
    0.3536993929318019,
    0.353853657415935,
    0.35367468765803745,
    0.35301087498664857,
    0.352402024609702,
    0.3531097250325339,
    0.35298790761402676,
    0.35318893109049115,
    0.35254540187971933,
    0.35266186254365106
  ],
  "test_metrics": {
    "precision@5": 0.30071428571428566,
    "recall@5": 0.24255102847788607,
    "ndcg@5": 0.3369627513148005,
    "precision@10": 0.22428571428571428,
    "recall@10": 0.3431966119474412,
    "ndcg@10": 0.3408854473803577,
    "precision@20": 0.15321428571428575,
    "recall@20": 0.45342230274823714,
    "ndcg@20": 0.3819054344446635,
    "auc": 0.626436643036071
  }
}