{
  "config_name": "full_graph",
  "seed": 42,
  "timestamp": "20250817_020704",
  "training_time": 1506.383228778839,
  "final_loss": 0.35293219430106026,
  "best_val_loss": 0.47165974602103233,
  "training_losses": [
    0.4263531599725996,
    0.4001809316022055,
    0.3849901735782623,
    0.3798215840544019,
    0.3773394022669111,
    0.3755959664072309,
    0.37317412325314114,
    0.37200051631246295,
    0.3707234263420105,
    0.3690107124192374,
    0.36875267284257074,
    0.36822475790977477,
    0.3673694057124002,
    0.36677453432764323,
    0.36671438898359027,
    0.3670097598007747,
    0.3657178410461971,
    0.3646686426230839,
    0.3645954881395612,
    0.3657082872731345,
    0.3651395303862435,
    0.36449880514826094,
    0.364020665202822,
    0.36379678760256084,
    0.36449907166617257,
    0.36292572702680315,
    0.3639358767441341,
    0.36285940749304635,
    0.36326375688825335,
    0.36405385306903293,
    0.36292756625584194,
    0.3626439571380615,
    0.36214647207941325,
    0.3622759461402893,
    0.36245995419366017,
    0.36182112438338143,
    0.3612879914896829,
    0.3620900741645268,
    0.36158535310200285,
    0.36096174972397943,
    0.360985997744969,
    0.3622049391269684,
    0.3625275066920689,
    0.36127407125064304,
    0.3613840367112841,
    0.360781854391098,
    0.3602465076105935,
    0.360476667540414,
    0.36107360976082936,
    0.36046797803470065,
    0.36062089460236685,
    0.3614098846912384,
    0.36117256794657027,
    0.36111854229654583,
    0.3596536925860814,
    0.3603744864463806,
    0.3610380675111498,
    0.36089463489396234,
    0.3600799024105072,
    0.36080642001969476,
    0.3603035535131182,
    0.3603275682244982,
    0.3605605006217957,
    0.3584109442574637,
    0.3592601639883859,
    0.3606853612831661,
    0.3593532749584743,
    0.3596244054181235,
    0.3590169489383698,
    0.35946230036871774,
    0.35964861341885157,
    0.3574426940509251,
    0.3585809213774545,
    0.35885136468069895,
    0.35890753950391496,
    0.3578578761645726,
    0.35894451567104885,
    0.35774265016828266,
    0.35938571350915094,
    0.35812815683228627,
    0.35866221955844335,
    0.3590656340122223,
    0.35785758580480304,
    0.3584297605923244,
    0.35959667563438413,
    0.3585038798195975,
    0.3597272208758763,
    0.3590388851506369,
    0.359428790637425,
    0.3588863968849182,
    0.3593723271574293,
    0.35992489457130433,
    0.35834365231650217,
    0.35757319671767096,
    0.3578901043960026,
    0.35732512984957016,
    0.3601398016725268,
    0.35882825085095,
    0.3581199373517718,
    0.3584281665938241,
    0.35822043759482247,
    0.3571504695074899,
    0.3564243018627167,
    0.3544622148786272,
    0.3547077170440129,
    0.35537281973021373,
    0.3548302667481559,
    0.3568186921732766,
    0.35532246572630743,
    0.35531366212027415,
    0.35412704263414657,
    0.35424137881823947,
    0.3547570296696254,
    0.35418771845953806,
    0.3548214197158813,
    0.354979236636843,
    0.35402349744524275,
    0.353423273563385,
    0.3539229997566768,
    0.352849086693355,
    0.35392003570284164,
    0.3541471941130502,
    0.3537847910608564,
    0.3544230844293322,
    0.35315352252551485,
    0.3544029005936214,
    0.35349698237010413,
    0.35409774013928,
    0.35261395233018056,
    0.35334492410932267,
    0.35432123030935014,
    0.3533113241195679,
    0.3538129321166447,
    0.35197093997682843,
    0.35430393729891096,
    0.3531236563410078,
    0.3534180172852108,
    0.3537702032497951,
    0.35234056626047405,
    0.3539161375590733,
    0.3533504503113883,
    0.3533359970365252,
    0.35216539076396397,
    0.35374080964497157,
    0.3526494460446494,
    0.353412492786135,
    0.35370723605155946,
    0.3539291398865836,
    0.3530171743461064,
    0.3526723802089691,
    0.3531887471675873,
    0.3526042129312243,
    0.35297173517090935,
    0.3535238078662327,
    0.35273641433034625,
    0.3529594498021262,
    0.3527876487800053,
    0.35418138929775783,
    0.3523852476051876,
    0.35293219430106026
  ],
  "test_metrics": {
    "precision@5": 0.29500000000000004,
    "recall@5": 0.23364967059391537,
    "ndcg@5": 0.32402430573873203,
    "precision@10": 0.2292857142857143,
    "recall@10": 0.3365769272222445,
    "ndcg@10": 0.3329819945497249,
    "precision@20": 0.15339285714285716,
    "recall@20": 0.4429445597862504,
    "ndcg@20": 0.37174137172467464,
    "auc": 0.6177826869267118
  }
}