{
  "config_name": "playlist_features",
  "seed": 123,
  "timestamp": "20250817_044020",
  "training_time": 885.0954759120941,
  "final_loss": 0.35844006964138575,
  "best_val_loss": 0.43033137544989586,
  "training_losses": [
    0.4237022612776075,
    0.4210199509348188,
    0.4213040615831103,
    0.41869826572281976,
    0.4196695012705667,
    0.41762892859322687,
    0.41822144304003034,
    0.4161832613604409,
    0.41586590664727346,
    0.41536018337522235,
    0.4139053123337882,
    0.41288478119032723,
    0.4116839681352888,
    0.4103125648839133,
    0.41055055941854207,
    0.40885357856750487,
    0.40733303938593185,
    0.4071467058999198,
    0.4060422284262521,
    0.4057011902332306,
    0.40474541102136885,
    0.4048090534550803,
    0.4046338030270168,
    0.40134527598108566,
    0.40241058809416635,
    0.40024157166481017,
    0.4012338578701019,
    0.399223644392831,
    0.3989871782915933,
    0.3981083163193294,
    0.39811829583985464,
    0.39774953297206334,
    0.3965542197227478,
    0.39513753311974664,
    0.3955666286604745,
    0.39601358941623144,
    0.39257148674556186,
    0.3928629057747977,
    0.3929462151868003,
    0.39250035626547675,
    0.3927514101777758,
    0.38981914349964686,
    0.39002247623034886,
    0.38872903159686495,
    0.3885517971856253,
    0.38906608819961547,
    0.38764874679701666,
    0.38822880472455706,
    0.38929789066314696,
    0.38538577130862645,
    0.3869507806641715,
    0.38568235295159475,
    0.3857666850090027,
    0.38544954146657673,
    0.38367491705077034,
    0.3841406345367432,
    0.38366484131131856,
    0.3825942022459848,
    0.38294613701956615,
    0.382840302160808,
    0.3822679340839386,
    0.3819900129522596,
    0.3810169347694942,
    0.38050103528159007,
    0.37989423104694914,
    0.38020547713552205,
    0.3789785189288003,
    0.3785672162260328,
    0.37924753257206506,
    0.37843254889760697,
    0.3786050839083535,
    0.3768468201160431,
    0.37754389132772176,
    0.37710043277059285,
    0.37716590336390904,
    0.37711549997329713,
    0.37670826060431345,
    0.3778146011488778,
    0.3762911123888833,
    0.37676926510674613,
    0.3742572929177965,
    0.37344639471599034,
    0.3742543365274157,
    0.37398415378161837,
    0.37416144524301803,
    0.37255387221063885,
    0.37222479156085425,
    0.37245760900633673,
    0.37298595224108017,
    0.3727725684642792,
    0.37321572984967916,
    0.372059770992824,
    0.37151349697794234,
    0.3709456486361367,
    0.37102456518581933,
    0.3713164440223149,
    0.37004558444023133,
    0.36950625266347614,
    0.3710355920451028,
    0.3697113369192396,
    0.3694423028400966,
    0.3696842432022095,
    0.36830632175718037,
    0.36848840713500974,
    0.36735268831253054,
    0.3672344659055982,
    0.36747042281287057,
    0.36443902509553094,
    0.36696651833398003,
    0.3653058060577938,
    0.36523175920758927,
    0.3652771157877786,
    0.3668716881956373,
    0.3657182216644287,
    0.3658340300832476,
    0.3646632705415998,
    0.3642259223120553,
    0.3647267758846283,
    0.3640657901763916,
    0.36494278396878926,
    0.36522451298577446,
    0.3619029598576682,
    0.3629336774349213,
    0.3642821090562003,
    0.36230873891285487,
    0.36313236951828004,
    0.3632927553994315,
    0.36300320284707205,
    0.36274694800376894,
    0.3622880492891584,
    0.36170885137149267,
    0.3631753751209804,
    0.3619672851903098,
    0.3611292336668287,
    0.3609786306108747,
    0.3617135831287929,
    0.3607776948383876,
    0.36000785316739764,
    0.36052123989377705,
    0.36147922873497007,
    0.3616685892854418,
    0.36045335701533726,
    0.35998830454690117,
    0.35921434078897746,
    0.360145948614393,
    0.3596495236669268,
    0.35980370129857747,
    0.36137215154511587,
    0.36050239716257365,
    0.35883844409670146,
    0.3584825941494533,
    0.35935913750103543,
    0.35802533967154365,
    0.35872926371438163,
    0.3585152379104069,
    0.35884052685328893,
    0.3586542742592948,
    0.3581243906702314,
    0.35837448579924447,
    0.35844006964138575
  ],
  "test_metrics": {
    "precision@5": 0.4557142857142857,
    "recall@5": 0.3972222618497773,
    "ndcg@5": 0.5033356375965775,
    "precision@10": 0.35500000000000004,
    "recall@10": 0.5517475876990472,
    "ndcg@10": 0.5314227192075295,
    "precision@20": 0.22678571428571428,
    "recall@20": 0.6786228785312431,
    "ndcg@20": 0.576781877542716,
    "auc": 0.8014718367977937
  }
}