{
  "config_name": "playlist_features",
  "seed": 789,
  "timestamp": "20250817_052745",
  "training_time": 1329.2925810813904,
  "final_loss": 0.35766584362302506,
  "best_val_loss": 0.4340549111366272,
  "training_losses": [
    0.4244905063084194,
    0.42198747651917595,
    0.42085387706756594,
    0.41933786613600593,
    0.4186448267527989,
    0.4188835952963148,
    0.4160857209137508,
    0.4172268901552473,
    0.41517396228654047,
    0.4148882516792842,
    0.41404639397348675,
    0.4130012648446219,
    0.41232744114739556,
    0.4103252146925245,
    0.4098417639732361,
    0.40897303393908907,
    0.40841419781957355,
    0.408244001013892,
    0.405612450838089,
    0.4054883650371007,
    0.40727340408733914,
    0.40349606020109996,
    0.40310184274400984,
    0.4020691496985299,
    0.4021014392375946,
    0.4011963060923985,
    0.3995606098856245,
    0.3991181152207511,
    0.3978012885366167,
    0.397204841034753,
    0.3988685369491577,
    0.39627002307346887,
    0.3965206835951124,
    0.3959127639021192,
    0.39556465063776286,
    0.39338297503335135,
    0.3942316344806126,
    0.39360634940011163,
    0.3930595883301326,
    0.3906026669910976,
    0.392318023954119,
    0.3901204185826438,
    0.39009859476770675,
    0.3910508709294455,
    0.3880922487803868,
    0.38826787556920733,
    0.387122255563736,
    0.3868317340101515,
    0.3866778007575444,
    0.38692104731287275,
    0.3866477855614254,
    0.3860494153840201,
    0.38440577132361275,
    0.3854755095073155,
    0.38481301409857616,
    0.38428093365260535,
    0.38424249717167447,
    0.38289479783603125,
    0.38375137192862374,
    0.3832488451685224,
    0.3823486966746194,
    0.3814118555613926,
    0.3801021090575627,
    0.38101384128843035,
    0.38150619523865836,
    0.3797922704901014,
    0.37978112271853853,
    0.37985831924847197,
    0.3794964943613325,
    0.3797790663582938,
    0.37776027151516506,
    0.3770350771290915,
    0.3768509456089565,
    0.3773592872279031,
    0.3772877310003553,
    0.37533884048461913,
    0.3762800897870745,
    0.3771484511239188,
    0.3756659082004002,
    0.37645489488329203,
    0.3745914305959429,
    0.3752496327672686,
    0.3744619275842394,
    0.37347613487924847,
    0.3753400666373117,
    0.3728610634803772,
    0.37240521396909443,
    0.3722409069538116,
    0.3723828945841108,
    0.37192695822034566,
    0.37231911420822145,
    0.3720551311969757,
    0.3709075731890542,
    0.3711142335619245,
    0.3719068850789751,
    0.37110263109207153,
    0.3704624227115086,
    0.37049943123544965,
    0.3706722097737449,
    0.369299270425524,
    0.37033341441835677,
    0.36878048011234826,
    0.3685595222881862,
    0.36876225301197596,
    0.3677049032279423,
    0.36761161514690943,
    0.3667481567178454,
    0.3658113190105983,
    0.3661699184349605,
    0.3664151702608381,
    0.3655100737299238,
    0.365327593258449,
    0.3655652940273285,
    0.365206801039832,
    0.36531558888299126,
    0.36457682847976686,
    0.36396368656839645,
    0.3651780903339386,
    0.3643752728189741,
    0.3650551566055843,
    0.36322576403617857,
    0.36431726046970914,
    0.3647554074014936,
    0.3628928916794913,
    0.36389721035957334,
    0.3618721876825605,
    0.3627178234713418,
    0.36401215706552775,
    0.36186098711831227,
    0.36294784801346913,
    0.3617950797080994,
    0.36243258374077936,
    0.3625318935939244,
    0.36220036830220903,
    0.3611636894089835,
    0.3612145781517029,
    0.3603211002690451,
    0.3612827522414071,
    0.3593119076320103,
    0.3605905319963183,
    0.36052478977612085,
    0.3602752089500427,
    0.3601486827645983,
    0.3601983121463231,
    0.36041645663125177,
    0.36022690619741166,
    0.3594278846468244,
    0.36010479075568064,
    0.3593246979372842,
    0.35866867559296745,
    0.3595836673464094,
    0.3592781824725015,
    0.35970203025000436,
    0.3582078993320465,
    0.35761216793741496,
    0.3587698629924229,
    0.358788069656917,
    0.35838660086904256,
    0.35798323239598956,
    0.35766584362302506
  ],
  "test_metrics": {
    "precision@5": 0.45357142857142857,
    "recall@5": 0.39809035026720785,
    "ndcg@5": 0.5084074600226683,
    "precision@10": 0.3503571428571428,
    "recall@10": 0.5524868633043943,
    "ndcg@10": 0.5335767472966617,
    "precision@20": 0.2257142857142857,
    "recall@20": 0.6798941487710284,
    "ndcg@20": 0.5805615158702858,
    "auc": 0.7991112063805159
  }
}