{
  "config_name": "playlist_features",
  "seed": 456,
  "timestamp": "20250817_045506",
  "training_time": 1957.9841032028198,
  "final_loss": 0.3586518381323133,
  "best_val_loss": 0.4402460679411888,
  "training_losses": [
    0.4249324636799949,
    0.4232534672532763,
    0.42143965448651993,
    0.4220149917261941,
    0.4191155757222857,
    0.4186823402132307,
    0.41896118691989354,
    0.41748339789254324,
    0.41725320986339026,
    0.4145832189491817,
    0.41409115706171307,
    0.4138996592589787,
    0.4132781275681087,
    0.41305938277925763,
    0.4116536038262503,
    0.4091622199331011,
    0.4076989906174796,
    0.40779860871178764,
    0.4061843480382647,
    0.4055210607392447,
    0.4050951072147914,
    0.4046592244080135,
    0.40405997804233007,
    0.4036804326942989,
    0.40198669603892734,
    0.40183591757501874,
    0.40169269187109813,
    0.39943557807377406,
    0.39970758642469134,
    0.3994665154388973,
    0.3984791440623147,
    0.3979463807174138,
    0.3968620938914163,
    0.3950548495565142,
    0.3957354588168008,
    0.3946751432759421,
    0.3949351302215031,
    0.3942412546702794,
    0.39332766362598964,
    0.3930252517972674,
    0.39093464612960815,
    0.39054635422570366,
    0.3902155646256038,
    0.3911674244063241,
    0.3908102486814771,
    0.38923408559390477,
    0.38864765167236326,
    0.38759928941726685,
    0.38850577899387906,
    0.38667125616754805,
    0.38605341911315916,
    0.3864433893135616,
    0.38511128681046625,
    0.3844094463757106,
    0.3850767493247986,
    0.3849702077252524,
    0.3855445035866329,
    0.3837545352322715,
    0.3829268038272858,
    0.38437091026987347,
    0.3828561919076102,
    0.3834037252834865,
    0.38179302726473124,
    0.38039297802107674,
    0.38117230023656573,
    0.3804471901484898,
    0.37932763866015845,
    0.37852822712489537,
    0.3788201749324799,
    0.37769916142736165,
    0.375772978578295,
    0.3773651591369084,
    0.3768651485443115,
    0.3769327793802534,
    0.3763626115662711,
    0.37670470901897973,
    0.37591785277639117,
    0.3757950518812452,
    0.3745205657822745,
    0.37613805191857475,
    0.37433922035353523,
    0.37360582607133047,
    0.37421523332595824,
    0.37365056361470905,
    0.3733889366899218,
    0.3739105062825339,
    0.3729344580854688,
    0.3723988950252533,
    0.37265483822141376,
    0.37273862447057454,
    0.37167590175356185,
    0.3733519128390721,
    0.37206702913556783,
    0.3709297810282026,
    0.37038813573973517,
    0.37032616479056224,
    0.37127774953842163,
    0.3711670126233782,
    0.3698241565908704,
    0.36989732044083734,
    0.3705497690609523,
    0.3681943382535662,
    0.3699905429567609,
    0.368409811598914,
    0.3681696551186698,
    0.36597337807927816,
    0.3676937103271484,
    0.3658876155103956,
    0.3670192360877991,
    0.3662761083671025,
    0.365967914887837,
    0.3658591091632843,
    0.3659977410520826,
    0.3653982792581831,
    0.36471357686179023,
    0.3655243124280657,
    0.3651001214981079,
    0.36389120221138,
    0.3630669670445578,
    0.36415241701262335,
    0.3631021593298231,
    0.36465280822345186,
    0.365101511989321,
    0.363211555991854,
    0.3636086182934897,
    0.3635961813586099,
    0.3633634379931859,
    0.36287006650652204,
    0.3616807009492602,
    0.3620265986238207,
    0.36243226187569755,
    0.3621333982263293,
    0.3612084056649889,
    0.3606617595468249,
    0.35967820712498255,
    0.361859370129449,
    0.36151705299104964,
    0.36034041047096255,
    0.3608736515045166,
    0.360572954586574,
    0.3614659632955279,
    0.3608413134302412,
    0.36153118525232586,
    0.36011884212493894,
    0.3582709082535335,
    0.36062667625291006,
    0.3587189904281071,
    0.35924738219806124,
    0.3596587530204228,
    0.35913809708186556,
    0.358467093535832,
    0.3597344560282571,
    0.35981423343930924,
    0.35799955470221384,
    0.36071217911584036,
    0.3587861248425075,
    0.35840510300227574,
    0.3587346988064902,
    0.35870261532919745,
    0.3586518381323133
  ],
  "test_metrics": {
    "precision@5": 0.455,
    "recall@5": 0.3954203866708013,
    "ndcg@5": 0.5168055239083336,
    "precision@10": 0.35535714285714287,
    "recall@10": 0.5599145451181332,
    "ndcg@10": 0.5456313921499909,
    "precision@20": 0.22624999999999998,
    "recall@20": 0.6836223649992447,
    "ndcg@20": 0.5904602532307405,
    "auc": 0.8050885039046829
  }
}