{
  "config_name": "playlist_features",
  "seed": 999,
  "timestamp": "20250817_054955",
  "training_time": 1731.2520439624786,
  "final_loss": 0.35942150609833856,
  "best_val_loss": 0.4374644197523594,
  "training_losses": [
    0.42706690090043203,
    0.420767285994121,
    0.42153501510620117,
    0.4194290493215833,
    0.4212799753461565,
    0.41853633778435845,
    0.41865744420460294,
    0.41588932956968033,
    0.41687588691711425,
    0.4153685126985822,
    0.41444135904312135,
    0.4150290931974139,
    0.412425582749503,
    0.4128434581415994,
    0.4116547235420772,
    0.4098574502127511,
    0.4084422903401511,
    0.4085393556526729,
    0.40692067997796194,
    0.40592386041368755,
    0.4054581344127655,
    0.4052375980785915,
    0.4039424972874778,
    0.4033173441886902,
    0.4033940144947597,
    0.4027968917574201,
    0.4009094102042062,
    0.39927818775177004,
    0.39927963869912286,
    0.39778999771390644,
    0.3989424969468798,
    0.39741045577185496,
    0.3958828389644623,
    0.39702010750770567,
    0.39482342856270924,
    0.39549699681145806,
    0.3942599620137896,
    0.39326000128473554,
    0.39368737595421927,
    0.3929418870380947,
    0.3920032594885145,
    0.3912501113755362,
    0.3902615283216749,
    0.38936740159988403,
    0.38894655193601335,
    0.3892640471458435,
    0.3891681134700775,
    0.38721472365515575,
    0.3877125433513096,
    0.38712908710752214,
    0.3862879863807133,
    0.3862825231892722,
    0.3858894441808973,
    0.3863487848213741,
    0.3843728678567069,
    0.38421623962266105,
    0.38244461842945643,
    0.38257512279919215,
    0.38314876641545975,
    0.3834122274603162,
    0.3826364287308284,
    0.3810818936143603,
    0.3805572169167655,
    0.3814972886017391,
    0.38006326385906763,
    0.3796858532088144,
    0.3791744640895299,
    0.3782341514314924,
    0.3780137274946485,
    0.37915730731827874,
    0.3787548414298466,
    0.3781250834465027,
    0.37767214093889506,
    0.3765395360333579,
    0.3760569563933781,
    0.37638802698680335,
    0.3775696039199829,
    0.3753165193966457,
    0.3763051152229309,
    0.3747244162218911,
    0.3755867438656943,
    0.3748650644506727,
    0.3749410101345607,
    0.3744255942957742,
    0.3736167115824563,
    0.37214283347129823,
    0.3743811411517007,
    0.37358146565301076,
    0.3721885280949729,
    0.37273946745055064,
    0.3721101122243064,
    0.37228554998125346,
    0.3726764168058123,
    0.37182232907840185,
    0.37243449773107257,
    0.37255996550832476,
    0.3714334258011409,
    0.3719153233936855,
    0.36884446399552484,
    0.370583199603217,
    0.3686543950012752,
    0.3700044163635799,
    0.3684045025280544,
    0.36629206538200376,
    0.36805183717182705,
    0.36602246846471514,
    0.3669554318700518,
    0.3662655064037868,
    0.36550250819751195,
    0.36631801383835927,
    0.36634294731276373,
    0.36634003009114946,
    0.36510915075029643,
    0.365197331564767,
    0.36496675610542295,
    0.36464521629469737,
    0.36502228804997033,
    0.3630322311605726,
    0.3650377895150866,
    0.36461367181369236,
    0.3627116220338004,
    0.36324074694088526,
    0.3641296795436314,
    0.3636979196752821,
    0.36384460500308446,
    0.3636036583355495,
    0.36228740300451007,
    0.3626033289091928,
    0.36379373158727374,
    0.36197233710970195,
    0.36269595878464833,
    0.3629913866519928,
    0.3608241779463632,
    0.36116801500320433,
    0.36210884366716656,
    0.36158366458756586,
    0.361959593636649,
    0.36001271860940115,
    0.3615164194788252,
    0.36020839554922923,
    0.35899144070489064,
    0.3596188553742,
    0.35938919271741593,
    0.35977816837174553,
    0.35894622121538433,
    0.3596639837537493,
    0.3594326845237187,
    0.3597917207649776,
    0.3583290338516235,
    0.3589660167694092,
    0.358011531829834,
    0.35930054187774657,
    0.35813428589275903,
    0.35845118505614143,
    0.35793047973087855,
    0.3574993933950152,
    0.3591902409281049,
    0.35928740075656346,
    0.3595780066081456,
    0.35942150609833856
  ],
  "test_metrics": {
    "precision@5": 0.46571428571428575,
    "recall@5": 0.40474842470419653,
    "ndcg@5": 0.5260524157944797,
    "precision@10": 0.35750000000000004,
    "recall@10": 0.5621701119719142,
    "ndcg@10": 0.5501513082044897,
    "precision@20": 0.22410714285714287,
    "recall@20": 0.6721316681960479,
    "ndcg@20": 0.5892056804044168,
    "auc": 0.8008179060871872
  }
}