{
  "config_name": "playlist_features",
  "seed": 42,
  "timestamp": "20250817_041132",
  "training_time": 1727.8880372047424,
  "final_loss": 0.35778424314090185,
  "best_val_loss": 0.4308090917766094,
  "training_losses": [
    0.42563330616269796,
    0.42328508070537024,
    0.42128902673721313,
    0.42070215259279525,
    0.4199101184095655,
    0.42111230748040335,
    0.41887204561914715,
    0.4173848560878209,
    0.41676564301763264,
    0.4149231553077698,
    0.4151985807078225,
    0.4142425187996456,
    0.4131859745298113,
    0.4122071249144418,
    0.4111595835004534,
    0.4099828396524702,
    0.410102539403098,
    0.407686687367303,
    0.4068373143672943,
    0.4062926343509129,
    0.4039089160306113,
    0.4052212595939636,
    0.40499142323221476,
    0.40418659704072135,
    0.40375380771500724,
    0.40203029257910594,
    0.4000616022518703,
    0.40175455723490033,
    0.399457871062415,
    0.4001709657055991,
    0.3996488605226789,
    0.39708887594086784,
    0.39596398387636456,
    0.39566227623394556,
    0.3960206619330815,
    0.39443752084459577,
    0.3939698738711221,
    0.3933323723929269,
    0.3925149943147387,
    0.3920294957501548,
    0.3917523886476244,
    0.39179740633283344,
    0.39158985529627116,
    0.38914254307746887,
    0.3895389412130628,
    0.38950863821165904,
    0.38829389469964165,
    0.387943696975708,
    0.38839980789593287,
    0.38759406975337435,
    0.3863241996083941,
    0.3861554162842887,
    0.38625923820904323,
    0.38537009613854545,
    0.3846316533429282,
    0.3846799484321049,
    0.3846663415431976,
    0.384686598607472,
    0.3838132270744869,
    0.38227466770580837,
    0.382801810332707,
    0.38163966706820895,
    0.3833201723439353,
    0.3789349036557334,
    0.38112109984670367,
    0.3808911877019065,
    0.37913696255002705,
    0.3805310445172446,
    0.37979885424886434,
    0.3784255257674626,
    0.3786700538226536,
    0.37652955906731744,
    0.37825300182615007,
    0.377701438324792,
    0.3772891044616699,
    0.3751612152372088,
    0.37665692142077856,
    0.3747724141393389,
    0.37532775061471124,
    0.3751711215291704,
    0.3756708528314318,
    0.3739947770323072,
    0.37330499121120997,
    0.373144120829446,
    0.37554559622492106,
    0.37390726719583783,
    0.3730761630194528,
    0.37359423296792166,
    0.37285868440355574,
    0.37321665031569345,
    0.3728587457111904,
    0.37265815820012776,
    0.3716633243220193,
    0.370913291828973,
    0.37130320157323565,
    0.3698753254754203,
    0.37249835559300015,
    0.37141293713024687,
    0.37006517478397916,
    0.36908087815557206,
    0.37025371534483775,
    0.36948527438299994,
    0.3686706108706338,
    0.3665792839867728,
    0.36656701990536283,
    0.36679804154804774,
    0.3669269136020115,
    0.36830466985702515,
    0.3662317974226815,
    0.36666862198284694,
    0.36590500729424613,
    0.3659567245415279,
    0.36552318419728963,
    0.364852397782462,
    0.3656224020889827,
    0.3657361711774554,
    0.36462490132876807,
    0.3639366975852421,
    0.364864046233041,
    0.36248669028282166,
    0.3639537956033434,
    0.3646087220736912,
    0.36314465744154795,
    0.36423272575650895,
    0.3630377394812448,
    0.36474510601588656,
    0.3629416619028364,
    0.363228006873812,
    0.36231347918510437,
    0.3627557141440255,
    0.36264306732586454,
    0.36200727224349977,
    0.3618479975632259,
    0.36070335677691867,
    0.36216696756226674,
    0.3614724099636078,
    0.36152805175100056,
    0.3611761288983481,
    0.35985200830868314,
    0.3607441110270364,
    0.3600898265838623,
    0.3601962396076747,
    0.3587032198905945,
    0.3603999742439815,
    0.35889988115855626,
    0.35964341419083734,
    0.35970914363861084,
    0.3597834621156965,
    0.3591739841869899,
    0.35880292909485956,
    0.3586950847080776,
    0.35864479286330087,
    0.35789362107004435,
    0.35920688850539073,
    0.3582436868122646,
    0.3582254792962756,
    0.3582385803971972,
    0.3592978528567723,
    0.3571782810347421,
    0.35778424314090185
  ],
  "test_metrics": {
    "precision@5": 0.44571428571428573,
    "recall@5": 0.3843823753891202,
    "ndcg@5": 0.48580322542028975,
    "precision@10": 0.3596428571428572,
    "recall@10": 0.5637790469978937,
    "ndcg@10": 0.5265388614430409,
    "precision@20": 0.22642857142857145,
    "recall@20": 0.6772316376710174,
    "ndcg@20": 0.5677070652424068,
    "auc": 0.7961128411779187
  }
}