{
  "config_name": "track_features",
  "seed": 456,
  "timestamp": "20250817_072038",
  "training_time": 3001.9427421092987,
  "final_loss": 0.35882135629653933,
  "best_val_loss": 0.5269232392311096,
  "training_losses": [
    0.607785735811506,
    0.5935166512216841,
    0.5834487063544137,
    0.5739666632243565,
    0.5607947417667933,
    0.5455206172806876,
    0.5282796502113343,
    0.5077079670769827,
    0.48700434395245146,
    0.47079187291009084,
    0.4591391980648041,
    0.45095195003918237,
    0.4468000991003854,
    0.4379720117364611,
    0.4398991320814405,
    0.43248748438698903,
    0.42761549268450055,
    0.4285667530127934,
    0.4288104065826961,
    0.4259129651955196,
    0.42676666378974915,
    0.42223765424319676,
    0.4213547578879765,
    0.41846707122666493,
    0.421754435130528,
    0.4197194491113935,
    0.4165879717894963,
    0.41506198048591614,
    0.4155126767499106,
    0.4139008683817727,
    0.4130636623927525,
    0.4118774839809963,
    0.41030290467398506,
    0.4095705449581146,
    0.40955711007118223,
    0.4071492442062923,
    0.4046852946281433,
    0.40560236147471834,
    0.4051810622215271,
    0.40311097417558944,
    0.4011397165911538,
    0.3992733427456447,
    0.3990249821117946,
    0.3999961955206735,
    0.3973977472100939,
    0.39631699068205695,
    0.39530613252094815,
    0.39638642839023047,
    0.39445277878216334,
    0.3945632415158408,
    0.3945179309163775,
    0.39329195959227425,
    0.3909952189241137,
    0.391580673626491,
    0.3915017536708287,
    0.39221071090017046,
    0.39002410769462587,
    0.38842407464981077,
    0.3872612484863826,
    0.38874088185174127,
    0.389204728603363,
    0.3889189762728555,
    0.3859588546412332,
    0.3843614740031106,
    0.38515364953449793,
    0.3855713290827615,
    0.3840102059500558,
    0.3839869226728167,
    0.38269718544823783,
    0.38258044975144523,
    0.3810013166495732,
    0.3807129825864519,
    0.38127157432692393,
    0.38022444673946926,
    0.37952743257795063,
    0.3814982439790453,
    0.378060644865036,
    0.3781225093773433,
    0.3785702475479671,
    0.3787707711969103,
    0.3777262193816049,
    0.3759709187916347,
    0.3765670793397086,
    0.3770169930798667,
    0.37668348721095496,
    0.3774048209190369,
    0.37469370109694344,
    0.3732825994491577,
    0.37447218469211035,
    0.37393803596496583,
    0.37335204907826014,
    0.37356787494250704,
    0.37255949292864116,
    0.37112853016172137,
    0.37131712436676023,
    0.37209980232375006,
    0.37174021771975924,
    0.37139944434165956,
    0.370348288331713,
    0.36944091745785307,
    0.37025917002132963,
    0.3678059637546539,
    0.3690499757017408,
    0.3685281549181257,
    0.3672215904508318,
    0.36678050245557514,
    0.3672886550426483,
    0.3661785006523132,
    0.36632962226867677,
    0.3657077440193721,
    0.364809889452798,
    0.36608779941286357,
    0.36497745343617033,
    0.3640723466873169,
    0.3644867309502193,
    0.36398472104753765,
    0.3643416898591178,
    0.36344041057995385,
    0.36228356872286116,
    0.3630546586854117,
    0.36270822286605836,
    0.36391539573669435,
    0.3636858446257455,
    0.36184172119413105,
    0.36137792297772,
    0.3626995614596776,
    0.3613528209073203,
    0.3615952960082463,
    0.3610708475112915,
    0.36097519653184074,
    0.36085625290870665,
    0.3602865934371948,
    0.36000331895692006,
    0.3591317176818848,
    0.35920609065464565,
    0.36052197984286716,
    0.36013898934636795,
    0.3595220625400543,
    0.3599995962211064,
    0.3592324818883623,
    0.36056176679474966,
    0.36021897877965653,
    0.3614287453038352,
    0.3593779989651271,
    0.3579226042543139,
    0.3600641395364489,
    0.35835066267422266,
    0.3586063095501491,
    0.3589077821799687,
    0.35882322532790045,
    0.3580601487840925,
    0.359797762121473,
    0.35926552755492075,
    0.3572527383055006,
    0.3603694336754935,
    0.3584388196468353,
    0.3579508594104222,
    0.358273002079555,
    0.35820735096931455,
    0.35882135629653933
  ],
  "test_metrics": {
    "precision@5": 0.3792857142857142,
    "recall@5": 0.3131350659973227,
    "ndcg@5": 0.4307304734447802,
    "precision@10": 0.29285714285714287,
    "recall@10": 0.45213875444055673,
    "ndcg@10": 0.4455315205271483,
    "precision@20": 0.18714285714285717,
    "recall@20": 0.5594859822226033,
    "ndcg@20": 0.4836735254791361,
    "auc": 0.7053711319895496
  }
}