{
  "config_name": "track_features",
  "seed": 42,
  "timestamp": "20250817_061847",
  "training_time": 1663.6473360061646,
  "final_loss": 0.3580848182950701,
  "best_val_loss": 0.5476744398474693,
  "training_losses": [
    0.6117492096764701,
    0.6006279741014753,
    0.5886000292641776,
    0.5780779106276376,
    0.5701050707272121,
    0.5559178147997175,
    0.5450751168387277,
    0.5263876472200666,
    0.5055986659867423,
    0.48736401285443987,
    0.47287559253828865,
    0.4593203101839338,
    0.4510975216116224,
    0.44786403604916164,
    0.4393369793891907,
    0.4415072475160871,
    0.43446227312088015,
    0.42956898638180324,
    0.4293280567441668,
    0.4307176675115313,
    0.42845222183636256,
    0.42660393118858336,
    0.4258991164820535,
    0.42244366151945933,
    0.42350658774375916,
    0.4187352657318115,
    0.41702075345175604,
    0.41962520224707467,
    0.41637341124670846,
    0.41596608076776775,
    0.417393148796899,
    0.41257926651409693,
    0.4103959858417511,
    0.41266480513981413,
    0.41026877335139683,
    0.40761733055114746,
    0.408581052507673,
    0.40696829642568316,
    0.40773760165487016,
    0.40465400644711086,
    0.404227694443294,
    0.403984306539808,
    0.40307297621454513,
    0.4007259147507804,
    0.39852567059653143,
    0.39683087979044235,
    0.39816395810672217,
    0.39799289107322694,
    0.39817814912114824,
    0.39510506050927297,
    0.3960127225943974,
    0.39707487991877966,
    0.3959632200854165,
    0.394583934545517,
    0.39162558998380387,
    0.39217920984540666,
    0.3918173662253788,
    0.39146268878664287,
    0.3900496780872345,
    0.38905305521828787,
    0.388923590523856,
    0.38885593499456134,
    0.38889358724866596,
    0.38445662345205034,
    0.3854665032454899,
    0.38706978389195035,
    0.38388476712363107,
    0.3848969544683184,
    0.38369714958327156,
    0.38266268031937734,
    0.38226584706987654,
    0.3807014116219112,
    0.38116721510887147,
    0.38133045860699244,
    0.38202102610043115,
    0.3780080693108695,
    0.3792056696755545,
    0.3788882987839835,
    0.37910901733807156,
    0.37699521609715053,
    0.37808885744639803,
    0.37855290855680196,
    0.37664023212024145,
    0.37638354216303144,
    0.3768554040363857,
    0.3764539156641279,
    0.37652136598314556,
    0.3759967940194266,
    0.37589908582823617,
    0.3752435284001487,
    0.37466091428484233,
    0.3741943086896624,
    0.3728280254772731,
    0.3712254013334002,
    0.37200688208852495,
    0.37097735404968263,
    0.37305509192602976,
    0.3716159531048366,
    0.3708984741142818,
    0.37024521912847247,
    0.3702045721667154,
    0.3695166494165148,
    0.36861108030591694,
    0.36724598152296883,
    0.36720030903816225,
    0.36663892439433504,
    0.36644028169768195,
    0.3678213655948639,
    0.3664207509585789,
    0.3661886104515621,
    0.3647998971598489,
    0.36539827329771857,
    0.3659867789064135,
    0.3645613099847521,
    0.36450992822647094,
    0.3646076577050345,
    0.3640060884611947,
    0.362975002186639,
    0.36350322791508266,
    0.3618488916328975,
    0.36295490264892577,
    0.3636060127190181,
    0.36285837633269175,
    0.3626774958201817,
    0.3621222640786852,
    0.3621731468609401,
    0.3619623873914991,
    0.3617831085409437,
    0.3608736779008593,
    0.36146216307367596,
    0.361646146433694,
    0.3607670928750719,
    0.3606710706438337,
    0.35963327373777115,
    0.36113395946366444,
    0.3603692020688738,
    0.3602771086352212,
    0.36064994931221006,
    0.35941365361213684,
    0.3605115405150822,
    0.3594552823475429,
    0.35912308267184667,
    0.35905086738722664,
    0.36017436725752694,
    0.3592327833175659,
    0.35992450032915385,
    0.3594157499926431,
    0.35981770413262504,
    0.3585195004940033,
    0.35796960507120407,
    0.3587016931601933,
    0.3583257598536355,
    0.35859500425202506,
    0.3589009966169085,
    0.35882154532841276,
    0.35812164289610726,
    0.35827196751322066,
    0.35888427921703886,
    0.35748138427734377,
    0.3580848182950701
  ],
  "test_metrics": {
    "precision@5": 0.3707142857142858,
    "recall@5": 0.3133308159940458,
    "ndcg@5": 0.4120776827524777,
    "precision@10": 0.28500000000000003,
    "recall@10": 0.4369041510604978,
    "ndcg@10": 0.42724994040944836,
    "precision@20": 0.18678571428571428,
    "recall@20": 0.5523349951562025,
    "ndcg@20": 0.46958193101432805,
    "auc": 0.7062413088606623
  }
}