{
  "config_name": "track_features",
  "seed": 123,
  "timestamp": "20250817_064631",
  "training_time": 2045.804198026657,
  "final_loss": 0.3580905897276742,
  "best_val_loss": 0.5353572219610214,
  "training_losses": [
    0.6118644220488412,
    0.5996664660317558,
    0.5910107799938746,
    0.5785403336797442,
    0.5742943116596767,
    0.5610541565077646,
    0.5462795342717852,
    0.5314430935042245,
    0.5130700307232993,
    0.4936136611870357,
    0.47276086977549964,
    0.465677410364151,
    0.4539199241570064,
    0.447843199968338,
    0.44352106962885174,
    0.44093346680913653,
    0.43331601108823503,
    0.4365410566329956,
    0.43317494307245524,
    0.4289431733744485,
    0.4294549720627921,
    0.42804811682019916,
    0.42285735947745184,
    0.4220184939248221,
    0.42323776313236783,
    0.4187568673065731,
    0.41912792580468317,
    0.41724646602358134,
    0.4158077853066581,
    0.4171431992735182,
    0.4159915864467621,
    0.41224372386932373,
    0.41417929700442724,
    0.4117660939693451,
    0.4100395449570247,
    0.41107256923403057,
    0.40772031715938023,
    0.4097890990121024,
    0.41020521180970326,
    0.40493406397955756,
    0.40501198428017754,
    0.40340033429009575,
    0.40109373756817407,
    0.40310472675732206,
    0.40006801656314306,
    0.40042827810559956,
    0.3983211270400456,
    0.39954396060534886,
    0.3979083035673414,
    0.39617827704974584,
    0.3961154367242541,
    0.39594406570707047,
    0.3940712256090982,
    0.39445864132472447,
    0.3912828189986093,
    0.39174396395683286,
    0.3931913392884391,
    0.39133904491152083,
    0.3904677476201739,
    0.3903596341609955,
    0.3874800877911704,
    0.38802375793457033,
    0.3880902852330889,
    0.38652507747922626,
    0.38494026150022237,
    0.38586110728127615,
    0.3849248852048601,
    0.38423477581569127,
    0.3850065929549081,
    0.3835077404975891,
    0.3823452923979078,
    0.3808729827404022,
    0.3814097447054727,
    0.38215905002185274,
    0.3807948367936271,
    0.3802605824811118,
    0.3797080831868308,
    0.38016885348728724,
    0.3803200857979911,
    0.37966091803142005,
    0.37718843136514935,
    0.37679585984775,
    0.37504353438104904,
    0.37697212100028993,
    0.37649028045790534,
    0.3735646707671029,
    0.37379520876067024,
    0.3742103125367846,
    0.3749940701893398,
    0.37322221057755606,
    0.374204181773322,
    0.3733258170740945,
    0.3721188042845045,
    0.37170072964259554,
    0.3712644125734057,
    0.37257098300116404,
    0.3708383934838431,
    0.37007384896278384,
    0.3705403344971793,
    0.3697242660181863,
    0.3686730674334935,
    0.368730263199125,
    0.36842136297907147,
    0.3682572211538042,
    0.366682140316282,
    0.3672533163002559,
    0.3670325517654419,
    0.36384058254105706,
    0.3669647233826773,
    0.364368713753564,
    0.3636352011135646,
    0.36466960055487496,
    0.3657902615410941,
    0.3649277942521231,
    0.3652258506843022,
    0.36402265429496766,
    0.3639192478997367,
    0.36398110560008456,
    0.3630201569625309,
    0.36359856128692625,
    0.3637657616819654,
    0.3613198697566986,
    0.36208244391850064,
    0.3622309480394636,
    0.3607230986867632,
    0.3621092821870531,
    0.36165679948670526,
    0.36174145681517467,
    0.3616399552140917,
    0.36108086449759347,
    0.36003672310284207,
    0.3615615316799709,
    0.36058889201709204,
    0.36071799312319075,
    0.3603659348828452,
    0.36073371171951296,
    0.36029601863452365,
    0.3597306370735168,
    0.3596952838557107,
    0.36054271885326933,
    0.36121212584631784,
    0.35991434114319937,
    0.3601397335529327,
    0.35891951322555543,
    0.3597837354455675,
    0.3598042113440377,
    0.35960387076650346,
    0.3604535264628274,
    0.36024741530418397,
    0.359232349055154,
    0.3583430554185595,
    0.35926630582128255,
    0.3588276181902204,
    0.3588065539087568,
    0.3587002864905766,
    0.35871584245136806,
    0.35883336067199706,
    0.35727196591241017,
    0.3582139653818948,
    0.3580905897276742
  ],
  "test_metrics": {
    "precision@5": 0.3828571428571429,
    "recall@5": 0.3221662365258948,
    "ndcg@5": 0.4293621211186185,
    "precision@10": 0.28964285714285715,
    "recall@10": 0.4438605658341119,
    "ndcg@10": 0.44018673272452996,
    "precision@20": 0.18535714285714286,
    "recall@20": 0.5465797961467743,
    "ndcg@20": 0.4764828660910193,
    "auc": 0.7061779168725805
  }
}