{
  "config_name": "track_features",
  "seed": 999,
  "timestamp": "20250817_083359",
  "training_time": 2075.938277244568,
  "final_loss": 0.3588892570563725,
  "best_val_loss": 0.5375830605626106,
  "training_losses": [
    0.6136063115937369,
    0.599587196963174,
    0.5849224243845258,
    0.569603671346392,
    0.560078729901995,
    0.5482454691614423,
    0.5310448850904192,
    0.5100615944181169,
    0.4879660189151764,
    0.4683540446417672,
    0.4602656645434243,
    0.4522533825465611,
    0.44272938966751096,
    0.44066771183695114,
    0.4414907685347966,
    0.43158963067190986,
    0.4334600644452231,
    0.4270648206983294,
    0.4263553772653852,
    0.4278960985796792,
    0.4231339744159153,
    0.421443133694785,
    0.423036025251661,
    0.4182930665356772,
    0.4199052929878235,
    0.42047538842473714,
    0.41426780905042376,
    0.4152605482510158,
    0.41601474796022686,
    0.4145694724151066,
    0.41279128449303765,
    0.41437543545450484,
    0.4099960514477321,
    0.407553631067276,
    0.409378491129194,
    0.4062607722623008,
    0.40456334437642777,
    0.40291924476623536,
    0.40530471631458825,
    0.4023286512919835,
    0.4012510095323835,
    0.4004694163799286,
    0.4003785329205649,
    0.39674305064337595,
    0.39758370178086416,
    0.3981574296951294,
    0.39748598166874477,
    0.39571403690746854,
    0.39681106124605453,
    0.3942943011011396,
    0.3946898673261915,
    0.39245012657982964,
    0.39366458654403685,
    0.3918666703360421,
    0.3894830976213728,
    0.38961467913218906,
    0.3895747431686946,
    0.3886287859507969,
    0.3891699373722076,
    0.38659270916666305,
    0.38858512129102435,
    0.38560345258031575,
    0.3849695427077157,
    0.386009521143777,
    0.38332254460879733,
    0.3833288754735674,
    0.3843793741294316,
    0.3834239406245095,
    0.3824883265154702,
    0.38268271940095083,
    0.38298112835202897,
    0.3822586246899196,
    0.3813875428267888,
    0.38095506514821736,
    0.380889379126685,
    0.37829495327813284,
    0.38138347693852015,
    0.37724979775292533,
    0.37964412314551216,
    0.37779369694846016,
    0.3774007490703038,
    0.37712432742118834,
    0.3772358000278473,
    0.377636958020074,
    0.37646942905017305,
    0.3750415001596723,
    0.3762035608291626,
    0.37626119937215535,
    0.3744623644011361,
    0.3745637663773128,
    0.3746627816132137,
    0.3732963051114764,
    0.3747451765196664,
    0.3730560030255999,
    0.37368193694523405,
    0.3724628686904907,
    0.3717913210391998,
    0.37150028603417534,
    0.3699555235249656,
    0.37035958511488776,
    0.3691659986972809,
    0.3693034734044756,
    0.3690629056521824,
    0.3668266415596008,
    0.36790862168584554,
    0.36628756948879787,
    0.3660152929169791,
    0.36624115535191126,
    0.3654168852737972,
    0.36507164665630887,
    0.36563987987382074,
    0.36563913651875085,
    0.36404556546892436,
    0.36364360111100336,
    0.3637246140411922,
    0.36461556128093175,
    0.36469915764672417,
    0.36277149404798237,
    0.36348010216440474,
    0.36422921759741644,
    0.3621465359415327,
    0.36218513761247906,
    0.36359354598181587,
    0.3624375479561942,
    0.36292382734162465,
    0.36138939005987986,
    0.3606941384928567,
    0.3611529733453478,
    0.36219155873571124,
    0.3608038459505354,
    0.3617668058191027,
    0.362157587494169,
    0.3596043050289154,
    0.36028698767934525,
    0.3608806465353285,
    0.36053547263145447,
    0.36052285603114537,
    0.35960818103381564,
    0.360557564667293,
    0.35933171595845903,
    0.358130430323737,
    0.3582592189311981,
    0.3591720632144383,
    0.35920127970831733,
    0.3585181747164045,
    0.3589934357575008,
    0.3591009054865156,
    0.35879453931535993,
    0.35833785023008075,
    0.35904795697757175,
    0.35829441973141263,
    0.3594957070691245,
    0.3578877355371203,
    0.35830696650913785,
    0.3574440121650696,
    0.3574057476861136,
    0.35874709827559337,
    0.3592042395046779,
    0.35906722801072255,
    0.3588892570563725
  ],
  "test_metrics": {
    "precision@5": 0.38785714285714284,
    "recall@5": 0.32503065239713846,
    "ndcg@5": 0.4373739290078425,
    "precision@10": 0.2864285714285714,
    "recall@10": 0.44502468299612813,
    "ndcg@10": 0.44465897713525404,
    "precision@20": 0.1832142857142857,
    "recall@20": 0.5501613602593535,
    "ndcg@20": 0.48165050109884405,
    "auc": 0.6995263923153457
  }
}