{
  "config_name": "track_features",
  "seed": 789,
  "timestamp": "20250817_081040",
  "training_time": 1398.0585958957672,
  "final_loss": 0.35744036521230427,
  "best_val_loss": 0.5374952480196953,
  "training_losses": [
    0.611250649179731,
    0.5973387718200683,
    0.5886025020054408,
    0.5785275186811175,
    0.5651890192713056,
    0.5511504122189113,
    0.533376864024571,
    0.5219714088099343,
    0.4954983515398843,
    0.47988767027854917,
    0.4650321670940944,
    0.45556689756257196,
    0.44779773013932367,
    0.44184316567012244,
    0.4389071353844234,
    0.43991836139134,
    0.4346602967807225,
    0.4329682699271611,
    0.4292642286845616,
    0.4270277772630964,
    0.42639124393463135,
    0.4234835616179875,
    0.4216737900461469,
    0.4233320074422019,
    0.42017501081739156,
    0.41989745327404565,
    0.41986718688692365,
    0.4180040453161512,
    0.41522646716662814,
    0.4147628154073443,
    0.4152132153511047,
    0.41203028985432216,
    0.41545831305640085,
    0.40877135992050173,
    0.4092089797769274,
    0.4090034544467926,
    0.4061342171260289,
    0.40681845545768736,
    0.4043533384799957,
    0.4017533413001469,
    0.4038825043610164,
    0.40056096400533403,
    0.39978070599692206,
    0.4019110364573342,
    0.39956804939678736,
    0.39862678136144364,
    0.3969924535070147,
    0.3963110106331961,
    0.39409956336021423,
    0.3964854870523725,
    0.39551514557429723,
    0.39356823904173716,
    0.39308548739978244,
    0.3926489268030439,
    0.3929092160293034,
    0.3923270881175995,
    0.39124339308057515,
    0.3889753384249551,
    0.3894359018121447,
    0.389692918743406,
    0.38780409182821,
    0.38820444686072214,
    0.38557129842894416,
    0.3871634875025068,
    0.3869061410427094,
    0.38628513983317786,
    0.3839000591209957,
    0.3836033923285348,
    0.38412607397351944,
    0.38288368327277045,
    0.3824595936707088,
    0.3816631802490779,
    0.38154386878013613,
    0.38034871220588684,
    0.3799999237060547,
    0.3795008191040584,
    0.3788769739014762,
    0.38015467609677994,
    0.37824811083929877,
    0.37920492546898976,
    0.37821651441710336,
    0.37751106449535915,
    0.3777927884033748,
    0.37677623544420513,
    0.3782256007194519,
    0.375095386164529,
    0.3740380815097264,
    0.3749215483665466,
    0.37487189173698426,
    0.3748587659427098,
    0.3719912213938577,
    0.3733830102852413,
    0.3715043544769287,
    0.37200389674731665,
    0.3716717498643058,
    0.37147857291357855,
    0.3707765655858176,
    0.3713045903614589,
    0.3717971784727914,
    0.369916661296572,
    0.37030136585235596,
    0.3682511968272073,
    0.36833985022136145,
    0.3681597164699009,
    0.36750352893556865,
    0.36736345546586174,
    0.3662684398038047,
    0.3662049846989768,
    0.3663870292050498,
    0.36528404184750146,
    0.36412243161882674,
    0.36490138854299276,
    0.3647236977304731,
    0.3649478478091104,
    0.3638199618884495,
    0.3635122375828879,
    0.3630994345460619,
    0.3626721484320504,
    0.3627641907760075,
    0.3641364250864301,
    0.36236252444131034,
    0.3631877022130149,
    0.3637399469103132,
    0.3611256309917995,
    0.3620943972042629,
    0.36142012306622096,
    0.36100968888827734,
    0.3626108663422721,
    0.36093128749302456,
    0.3611887659345354,
    0.36080608027321953,
    0.36188560043062484,
    0.360880526474544,
    0.3605656819684165,
    0.3598975377423423,
    0.360375759431294,
    0.3591648255075727,
    0.3608270764350891,
    0.3586808579308646,
    0.3597643188067845,
    0.3596788738455091,
    0.3592317887714931,
    0.35908175451414925,
    0.35948034695216585,
    0.36044096861566816,
    0.36028995428766525,
    0.3596832471234458,
    0.35945842947278706,
    0.35926851289612904,
    0.3586275049618312,
    0.3590889649731772,
    0.3593033833163125,
    0.3595247575214931,
    0.35834301199231827,
    0.3580731213092804,
    0.3579335757664272,
    0.3580944512571607,
    0.3583540405545916,
    0.3576840715748923,
    0.35744036521230427
  ],
  "test_metrics": {
    "precision@5": 0.38500000000000006,
    "recall@5": 0.3260989884544174,
    "ndcg@5": 0.4397515207829679,
    "precision@10": 0.2910714285714286,
    "recall@10": 0.4518472350754803,
    "ndcg@10": 0.4511790269565181,
    "precision@20": 0.18571428571428572,
    "recall@20": 0.5614974958208041,
    "ndcg@20": 0.4891823516508546,
    "auc": 0.7071168042541789
  }
}