{
  "config_name": "user_features",
  "seed": 456,
  "timestamp": "20250817_102127",
  "training_time": 1754.2979969978333,
  "final_loss": 0.35604065912110466,
  "best_val_loss": 0.44291481375694275,
  "training_losses": [
    0.43572730422019956,
    0.4099797410624368,
    0.3983191081455776,
    0.3933357230254582,
    0.3899545797279903,
    0.38618056774139403,
    0.3836931415966579,
    0.3835381499358586,
    0.3799870465482984,
    0.3799221626349858,
    0.3797913295882089,
    0.37756130695343015,
    0.3769479036331177,
    0.3760680828775678,
    0.37529418638774326,
    0.3739562290055411,
    0.37264652507645746,
    0.3721852813448225,
    0.37195459689412796,
    0.3707371643611363,
    0.3711997815540859,
    0.36907547882625036,
    0.36904252682413374,
    0.3685721124921526,
    0.3684590484414782,
    0.36730817215783257,
    0.36844727567264013,
    0.3673786461353302,
    0.36862790414265223,
    0.3666360412325178,
    0.36655474475451877,
    0.3662353728498731,
    0.3663535833358765,
    0.36498639413288664,
    0.36655800427709306,
    0.36523961339678085,
    0.36480631232261657,
    0.36580982378550936,
    0.3646805592945644,
    0.36400382348469323,
    0.3637351223400661,
    0.36313615781920294,
    0.3630886844226292,
    0.36416113206318446,
    0.3626224849905286,
    0.36290489094597955,
    0.3633072478430612,
    0.3631624025957925,
    0.36224050521850587,
    0.36213305081639974,
    0.36216581123215813,
    0.3615800040108817,
    0.3606626544679914,
    0.3611678063869476,
    0.3613392131669181,
    0.36161897097315104,
    0.36084357840674264,
    0.360164452450616,
    0.35962701099259514,
    0.36130849037851603,
    0.3610622320856367,
    0.36092530744416373,
    0.36017547930989946,
    0.359882276398795,
    0.36001024501664297,
    0.36074139390672955,
    0.3603823006153107,
    0.35995266437530515,
    0.35983756014278956,
    0.36001484649521964,
    0.358710629599435,
    0.35946878961154394,
    0.36080989922795975,
    0.3601139451776232,
    0.3597262961523873,
    0.3603012340409415,
    0.3597908420222146,
    0.360394253049578,
    0.35994719692638943,
    0.36107231548854285,
    0.3599524736404419,
    0.35972731113433837,
    0.36012506825583324,
    0.3603623253958566,
    0.3603777962071555,
    0.3614844799041748,
    0.3599023359162467,
    0.3601314902305603,
    0.36058179565838405,
    0.3600302628108433,
    0.3595007470675877,
    0.36085748757634845,
    0.3606213118348803,
    0.359468298298972,
    0.3598703495093754,
    0.360165365253176,
    0.36084033250808717,
    0.3609214041914259,
    0.36028031621660506,
    0.35988774469920565,
    0.36074954867362974,
    0.3583833200590951,
    0.3601061829498836,
    0.35848562802587236,
    0.3584806885038103,
    0.35733811514718195,
    0.35872754539762225,
    0.35766169343675885,
    0.35816074780055457,
    0.3581236788204738,
    0.35739820258958,
    0.3585774404661996,
    0.35779520358358113,
    0.35747688242367337,
    0.35734205416270665,
    0.35769641058785573,
    0.35774061254092626,
    0.3570958035332816,
    0.35664100987570624,
    0.35690026453563145,
    0.35624469348362514,
    0.3579694024154118,
    0.35817955647196087,
    0.3568378703934806,
    0.3569484327520643,
    0.3578656247683934,
    0.3565337709018162,
    0.35705997688429697,
    0.35668154273714336,
    0.35613425970077517,
    0.3568630175931113,
    0.35634137988090514,
    0.3558719984122685,
    0.3558134768690382,
    0.35495133740561347,
    0.3569582428250994,
    0.35702875597136363,
    0.35582756229809354,
    0.3563279501029423,
    0.35633857761110577,
    0.3571882230894906,
    0.3568242124148778,
    0.357791325875691,
    0.3564277972493853,
    0.354611941746303,
    0.3572788119316101,
    0.3557633374418531,
    0.3559874015195029,
    0.3564515326704298,
    0.35600955145699636,
    0.3554641127586365,
    0.35708834188325067,
    0.3570418119430542,
    0.35484723108155386,
    0.3576162721429552,
    0.3558340047086988,
    0.3558186786515372,
    0.35624866570745195,
    0.3557737222739628,
    0.35604065912110466
  ],
  "test_metrics": {
    "precision@5": 0.4392857142857143,
    "recall@5": 0.38168750744685065,
    "ndcg@5": 0.492043922495563,
    "precision@10": 0.3460714285714286,
    "recall@10": 0.5461736877612045,
    "ndcg@10": 0.5217335953079418,
    "precision@20": 0.21696428571428572,
    "recall@20": 0.6509974285843646,
    "ndcg@20": 0.5589734215299101,
    "auc": 0.7700705756158308
  }
}