{
  "config_name": "user_features",
  "seed": 123,
  "timestamp": "20250817_094108",
  "training_time": 2418.4893941879272,
  "final_loss": 0.3555403172969818,
  "best_val_loss": 0.4469240829348564,
  "training_losses": [
    0.4353979860033308,
    0.41071861130850656,
    0.3986900644642966,
    0.3937577852181026,
    0.38886451465742927,
    0.3869758810315813,
    0.3845306158065796,
    0.3819672635623387,
    0.38107302359172274,
    0.37945072310311456,
    0.3789093911647797,
    0.37867136682782854,
    0.37647567731993536,
    0.37605961050306047,
    0.3754561756338392,
    0.37500288486480715,
    0.37259068318775723,
    0.3728797256946564,
    0.37301783391407556,
    0.37111830711364746,
    0.3711565920284816,
    0.36997293063572473,
    0.3700037462370736,
    0.3680645636149815,
    0.36885413101741243,
    0.36816139476639886,
    0.3683094118322645,
    0.36778102091380527,
    0.36577775308064053,
    0.36706054977008273,
    0.3674659218106951,
    0.36631544658115933,
    0.3659452370234898,
    0.36470013090542386,
    0.365385662657874,
    0.36620277166366577,
    0.36520433936800273,
    0.36451513852391926,
    0.36496651342936925,
    0.3644845187664032,
    0.36473090137754166,
    0.36381294812474935,
    0.3635859089238303,
    0.3624194690159389,
    0.36206399287496294,
    0.3631312004157475,
    0.3622991170201983,
    0.36202570370265413,
    0.3637497901916504,
    0.36064223306519644,
    0.3622808422361101,
    0.36093926174300056,
    0.3610913847173963,
    0.3612746102469308,
    0.3601135918072292,
    0.3601784484727042,
    0.36090149794306076,
    0.359831839799881,
    0.3604663142136165,
    0.36092489191464017,
    0.35990357654435295,
    0.36079117230006624,
    0.3597546654088157,
    0.3608367724078042,
    0.3590438323361533,
    0.36068112679890224,
    0.3607480619634901,
    0.3599670716694423,
    0.36060904945646016,
    0.360714647599629,
    0.36023053186280385,
    0.35851177147456575,
    0.36027290906224935,
    0.3603172762053353,
    0.36034834895815165,
    0.35989797370774407,
    0.3598552244050162,
    0.3623370068413871,
    0.3609812676906586,
    0.361257449218205,
    0.35953230346952164,
    0.3597324958869389,
    0.3595978098256247,
    0.36066500544548036,
    0.3608999584402357,
    0.3594821172101157,
    0.35910731383732386,
    0.3602851850645883,
    0.3605481726782663,
    0.36071832435471674,
    0.3612105616501399,
    0.3603797469820295,
    0.3600292980670929,
    0.3598568184035165,
    0.35972478134291513,
    0.36178215401513236,
    0.35960122857775006,
    0.35956797344344005,
    0.36023192746298655,
    0.3594800753252847,
    0.3602441464151655,
    0.35984691636902943,
    0.3592324469770704,
    0.3589328144277845,
    0.3583424133913858,
    0.35885500056403025,
    0.3589626235621316,
    0.35615938220705307,
    0.3586095767361777,
    0.3571424543857574,
    0.3569467050688607,
    0.3573368924004691,
    0.35857031004769463,
    0.35756165640694754,
    0.35851024048669,
    0.3576441202844892,
    0.35712452360561914,
    0.35785068018095834,
    0.3570127436092922,
    0.3575457274913788,
    0.35798517891338894,
    0.3553864164011819,
    0.35631609644208634,
    0.35769058210509164,
    0.3558336479323251,
    0.3570332740034376,
    0.3572775023324149,
    0.3570204070636204,
    0.3569296215261732,
    0.35723150968551637,
    0.3562529129641397,
    0.3573598333767482,
    0.35674754551478793,
    0.35674617290496824,
    0.3565148489815848,
    0.3571652557168688,
    0.3566719140325274,
    0.3562734876360212,
    0.35646644490105767,
    0.3576566185270037,
    0.3578455601419721,
    0.3568395818982806,
    0.35682677626609804,
    0.3558598586491176,
    0.35671261208398003,
    0.356458865744727,
    0.35678569163594925,
    0.35774624262537275,
    0.3573490985802242,
    0.3562407732009888,
    0.35549262847219193,
    0.35597842931747437,
    0.3556248596736363,
    0.35546542831829614,
    0.3562692906175341,
    0.3563129620892661,
    0.3560617523533957,
    0.35557497228894913,
    0.3555457021508898,
    0.3555403172969818
  ],
  "test_metrics": {
    "precision@5": 0.4407142857142857,
    "recall@5": 0.38171333129620394,
    "ndcg@5": 0.4829563692096757,
    "precision@10": 0.34678571428571425,
    "recall@10": 0.5389788584124608,
    "ndcg@10": 0.5123914394814544,
    "precision@20": 0.2201785714285714,
    "recall@20": 0.6539268553084342,
    "ndcg@20": 0.5540306184175238,
    "auc": 0.7683309134068845
  }
}