{
  "config_name": "user_features",
  "seed": 999,
  "timestamp": "20250817_112235",
  "training_time": 1671.5524852275848,
  "final_loss": 0.3567934206553868,
  "best_val_loss": 0.44373488426208496,
  "training_losses": [
    0.4353276363440922,
    0.4104835374014718,
    0.4003141607557024,
    0.393110351051603,
    0.39058973022869653,
    0.38685061250414166,
    0.3853817454406193,
    0.3830989139420646,
    0.38203680770737786,
    0.38022432156971525,
    0.3795478846345629,
    0.37850376878465924,
    0.3769868842193059,
    0.37661536761692593,
    0.37590620943478176,
    0.37394766466958185,
    0.3741505716528211,
    0.37246086512293136,
    0.3722787891115461,
    0.37105772835867745,
    0.37045685734067646,
    0.36985078283718653,
    0.3705968592848097,
    0.3699322760105133,
    0.3688644741262708,
    0.3691513768264226,
    0.36749800188200815,
    0.36721369198390413,
    0.36751301203455244,
    0.3668040301118578,
    0.36669490933418275,
    0.36699828250067573,
    0.3660026269299643,
    0.3664757166590009,
    0.36606220006942747,
    0.36547932199069433,
    0.36595880559512545,
    0.36380080836159845,
    0.3654075767312731,
    0.3657438542161669,
    0.36483959811074396,
    0.3649956788335528,
    0.36359772852488925,
    0.36327998893601554,
    0.3623102980000632,
    0.3631122810500009,
    0.3624195533139365,
    0.3615273782185146,
    0.36290743010384696,
    0.36186220731054036,
    0.36212268982614787,
    0.36096798266683305,
    0.36065835527011325,
    0.36103592344692775,
    0.3610029476029532,
    0.3599284989493234,
    0.35960366555622647,
    0.3598116627761296,
    0.3600487223693303,
    0.3605923277991159,
    0.3615622282028198,
    0.3598666489124298,
    0.359784939459392,
    0.36035079189709257,
    0.36030186074120657,
    0.3602446028164455,
    0.35992791312081474,
    0.3596098916871207,
    0.3596361109188625,
    0.3610565023762839,
    0.3605543485709599,
    0.3603126517363957,
    0.36077051929065157,
    0.36003595675740924,
    0.36041410991123746,
    0.3598926671913692,
    0.3610342860221863,
    0.36007053766931807,
    0.36164868559156144,
    0.35985655529158456,
    0.3606976500579289,
    0.3604542740753719,
    0.3601025232246944,
    0.36035225561686923,
    0.3606120467185974,
    0.3599513224193028,
    0.3611682176589966,
    0.3612512341567448,
    0.3601867011615208,
    0.3610392349106925,
    0.360307639837265,
    0.36038164922169275,
    0.3613020632948194,
    0.3607748670237405,
    0.36183328969138007,
    0.36187860710280284,
    0.3605596533843449,
    0.36136703746659415,
    0.35929947325161526,
    0.3602112693446023,
    0.3586754696709769,
    0.359798697914396,
    0.35978788903781345,
    0.35759965692247664,
    0.35969660537583487,
    0.3575919244970594,
    0.3579414418765477,
    0.3577412877764021,
    0.3576478787830898,
    0.35790484632764547,
    0.35837639910834174,
    0.358308059828622,
    0.35685212952750067,
    0.35744163479123797,
    0.3578093545777457,
    0.35766384090696063,
    0.35785345775740485,
    0.3561147306646619,
    0.35806995459965296,
    0.3577711386340005,
    0.3560466195855822,
    0.35671077540942603,
    0.357330573456628,
    0.35763527580669946,
    0.35782495566776823,
    0.35773081864629475,
    0.35655639341899326,
    0.3568307433809553,
    0.3575770957129342,
    0.3561333222048623,
    0.35771861161504476,
    0.3575270278113229,
    0.3562371475355966,
    0.3566102155617305,
    0.3569050805909293,
    0.357148380790438,
    0.3570658947740282,
    0.355771210363933,
    0.356956114087786,
    0.35612617901393345,
    0.3553489284855979,
    0.3561783220086779,
    0.3565447117601122,
    0.35680461185319085,
    0.355888614484242,
    0.35649797064917427,
    0.35646551506859914,
    0.356276946408408,
    0.3558426925114223,
    0.35628165006637574,
    0.3553223473685128,
    0.3568198425429208,
    0.35556579657963344,
    0.3561093934944698,
    0.3553751954010555,
    0.35475516148975916,
    0.35673434734344484,
    0.35736906358173914,
    0.3574705949851445,
    0.3567934206553868
  ],
  "test_metrics": {
    "precision@5": 0.4542857142857143,
    "recall@5": 0.39773980336521797,
    "ndcg@5": 0.5136390609295984,
    "precision@10": 0.3528571428571429,
    "recall@10": 0.5481782258818139,
    "ndcg@10": 0.5387715551582944,
    "precision@20": 0.22089285714285714,
    "recall@20": 0.6611621367354449,
    "ndcg@20": 0.5782697586601895,
    "auc": 0.7747589203641265
  }
}