{
  "config_name": "user_features",
  "seed": 42,
  "timestamp": "20250817_090836",
  "training_time": 1951.0900611877441,
  "final_loss": 0.3553580173424312,
  "best_val_loss": 0.4435178339481354,
  "training_losses": [
    0.43576718739100867,
    0.4100961310522897,
    0.39951094559260775,
    0.3926882105214255,
    0.3897335061005184,
    0.38661575147083826,
    0.3838358300072806,
    0.38313406705856323,
    0.3811379245349339,
    0.3797045699187687,
    0.37869888629232135,
    0.3777466527053288,
    0.3765085245881762,
    0.3758401794092996,
    0.37519535762923106,
    0.3752022581441062,
    0.3736288470881326,
    0.3717298695019313,
    0.3719172554356711,
    0.37140730534281047,
    0.3718723552567618,
    0.3701601437159947,
    0.3698493523257119,
    0.3692467868328094,
    0.3694750317505428,
    0.3678684175014496,
    0.36833672268050055,
    0.3675299448626382,
    0.3677117884159088,
    0.3683919080666133,
    0.3670281648635864,
    0.3666630004133497,
    0.3660884312220982,
    0.36584975123405455,
    0.36628678100449696,
    0.3656650517668043,
    0.3646941602230072,
    0.3649211151259286,
    0.364527975661414,
    0.36329962866646903,
    0.3632259326321738,
    0.36437986833708624,
    0.3643227015222822,
    0.3633637615612575,
    0.36316265634128025,
    0.3624478510447911,
    0.3618484999452318,
    0.3622009098529816,
    0.36228663495608737,
    0.3616324484348297,
    0.36070877909660337,
    0.3618910193443298,
    0.36211124232837133,
    0.3623564490250179,
    0.3599167057446071,
    0.36051159926823206,
    0.3607826462813786,
    0.3609292643410819,
    0.3604628281933921,
    0.3609515428543091,
    0.36077077984809874,
    0.3605791653905596,
    0.3607152538640159,
    0.3587207393986838,
    0.3600490697792598,
    0.36131138205528257,
    0.3599539084093911,
    0.3606023005076817,
    0.3599483472960336,
    0.360200663123812,
    0.36036797676767623,
    0.35877965007509505,
    0.35945682525634765,
    0.3601771865572248,
    0.35994721480778286,
    0.3590928954737527,
    0.36039870721953254,
    0.35882908020700727,
    0.36038723077092855,
    0.3594184696674347,
    0.3603887302534921,
    0.36008181061063493,
    0.3596507864339011,
    0.35996573567390444,
    0.3617309638432094,
    0.36039199573653086,
    0.3612283170223236,
    0.3605050129549844,
    0.36066081268446787,
    0.3605919701712472,
    0.3607922213418143,
    0.36132452062198095,
    0.36019527230943954,
    0.3593374116080148,
    0.3596644401550293,
    0.35912212899753027,
    0.3621176549366542,
    0.3610390705721719,
    0.36020494273730685,
    0.36001239759581427,
    0.36048360126359125,
    0.36014454024178644,
    0.35946834342820305,
    0.35737362333706446,
    0.3572034410067967,
    0.35844009007726396,
    0.35815901245389664,
    0.359791019984654,
    0.3585074918610709,
    0.35839745232037135,
    0.35730556675365993,
    0.3575355316911425,
    0.35773085951805117,
    0.35747130938938687,
    0.3582252630165645,
    0.3580199718475342,
    0.35775824700083053,
    0.3569283289568765,
    0.35734515615871976,
    0.35606118185179575,
    0.3570927160126822,
    0.3575572303363255,
    0.3569474756717682,
    0.3575417927333287,
    0.35648084027426585,
    0.3576347964150565,
    0.35679200291633606,
    0.35733387385095866,
    0.3562349694115775,
    0.3568973345415933,
    0.357251649243491,
    0.35613922476768495,
    0.35694703119141713,
    0.3556478066103799,
    0.3574808018548148,
    0.3564192865576063,
    0.3564069654260363,
    0.3571829055036817,
    0.3553155200822013,
    0.35734430977276394,
    0.35664907779012406,
    0.35648085219519476,
    0.35531004667282107,
    0.35719530497278484,
    0.3559248558112553,
    0.3565308681556157,
    0.3567827650478908,
    0.35672383393560136,
    0.3563585681574685,
    0.35553854874202184,
    0.35605602775301254,
    0.35563948580196925,
    0.35561973537717545,
    0.3561940576348986,
    0.35565745234489443,
    0.3553980163165501,
    0.35574299778257096,
    0.3566296432699476,
    0.3549738841397422,
    0.3553580173424312
  ],
  "test_metrics": {
    "precision@5": 0.4392857142857143,
    "recall@5": 0.37996579990111606,
    "ndcg@5": 0.4762233880795792,
    "precision@10": 0.3492857142857143,
    "recall@10": 0.5375499834027587,
    "ndcg@10": 0.5082567717482774,
    "precision@20": 0.22,
    "recall@20": 0.6540504735969961,
    "ndcg@20": 0.5500845410060387,
    "auc": 0.7692104818729619
  }
}