{
  "config_name": "user_features",
  "seed": 789,
  "timestamp": "20250817_105042",
  "training_time": 1912.2709302902222,
  "final_loss": 0.35525871685573035,
  "best_val_loss": 0.4431418776512146,
  "training_losses": [
    0.4354122911180769,
    0.40934977872031075,
    0.3993013841765268,
    0.3928423455783299,
    0.3894613879067557,
    0.3868836121899741,
    0.38451589941978453,
    0.38254124351910185,
    0.3815361091068813,
    0.3801951791558947,
    0.3786021632807595,
    0.3769559374877385,
    0.37620063849857877,
    0.37590332882744926,
    0.37518125006130765,
    0.3743371503693717,
    0.37309729712350026,
    0.37257741945130485,
    0.37306481174060274,
    0.37073145934513635,
    0.3718828763280596,
    0.3705792997564588,
    0.36939321075166975,
    0.369159072637558,
    0.3684271548475538,
    0.36960789476122174,
    0.36881285735539027,
    0.3682864342417036,
    0.3668467479092734,
    0.36771287747791837,
    0.3668446753706251,
    0.36638254267828807,
    0.3672817698546818,
    0.3658166434083666,
    0.3668205840247018,
    0.3659808031150273,
    0.3651522721563067,
    0.3658302903175354,
    0.36380902869360787,
    0.36351690292358396,
    0.36441672274044584,
    0.3636025428771973,
    0.36369299037115915,
    0.36428061553410124,
    0.3635564727442605,
    0.3628010307039533,
    0.36200564077922276,
    0.36289155057498385,
    0.36154838034084863,
    0.36260856986045836,
    0.36185574787003655,
    0.36079449823924475,
    0.3607485626425062,
    0.3610042878559658,
    0.36090977787971495,
    0.36080933468682425,
    0.36072242515427727,
    0.36006210105759756,
    0.36108732989856174,
    0.36078915510858806,
    0.3603269236428397,
    0.36063107763017926,
    0.3589880772999355,
    0.3608832265649523,
    0.36026596086365836,
    0.360751679113933,
    0.36033763715199063,
    0.3599660379546029,
    0.36041332398142134,
    0.3614800206252507,
    0.35977576885904583,
    0.35980096970285685,
    0.36057943446295604,
    0.36048018336296084,
    0.36059303624289374,
    0.35948573776653836,
    0.3603138455322811,
    0.3608939528465271,
    0.3601544209889003,
    0.3615217047078269,
    0.36073493020875114,
    0.36054914593696596,
    0.36076426931789946,
    0.3599226823874882,
    0.3622242612498147,
    0.3602681773049491,
    0.36004630497523715,
    0.36127532124519346,
    0.3606741292136056,
    0.3599667506558554,
    0.3594102944646563,
    0.3604382540498461,
    0.3594469964504242,
    0.35996594088418143,
    0.3609102010726929,
    0.36032116157667976,
    0.36022323540278844,
    0.3604476877621242,
    0.3605369661535536,
    0.35973366924694605,
    0.3608937527452196,
    0.35921857953071595,
    0.3590728896004813,
    0.3596649042197636,
    0.35900086760520933,
    0.3587978056498936,
    0.35792090722492764,
    0.3581757809434618,
    0.35824312056813923,
    0.3580741993018559,
    0.3572612089770181,
    0.3571603970868247,
    0.3583328000136784,
    0.3579656158174787,
    0.3573971756867,
    0.3570985061781747,
    0.35680104664393836,
    0.35752859456198555,
    0.3570783759866442,
    0.35889177577836173,
    0.35685287032808577,
    0.3571454397269658,
    0.3583667073931013,
    0.356272805588586,
    0.35791695543697905,
    0.35626615796770367,
    0.3568285746233804,
    0.35808813997677397,
    0.3563438057899475,
    0.357388961315155,
    0.35671603509357996,
    0.35788016148975915,
    0.3573149033955165,
    0.3573006272315979,
    0.35643309610230584,
    0.35696208987917216,
    0.3556167551449367,
    0.35701352783611845,
    0.35539658239909583,
    0.35671413370541166,
    0.35631683213370186,
    0.35652717862810407,
    0.35635360309055875,
    0.35634962235178264,
    0.3574797076838357,
    0.3571650581700461,
    0.3567505751337324,
    0.3570271645273481,
    0.3562849283218384,
    0.3562197472367968,
    0.3568323688847678,
    0.35636886954307556,
    0.35651394980294365,
    0.3560906418732234,
    0.3554186531475612,
    0.3563982818807874,
    0.355932149716786,
    0.35630250913756234,
    0.35539336034229824,
    0.35525871685573035
  ],
  "test_metrics": {
    "precision@5": 0.4478571428571429,
    "recall@5": 0.3898685770007917,
    "ndcg@5": 0.4974943023860468,
    "precision@10": 0.3482142857142857,
    "recall@10": 0.5433838284424308,
    "ndcg@10": 0.5240961250327875,
    "precision@20": 0.22089285714285714,
    "recall@20": 0.6584097948313173,
    "ndcg@20": 0.566059601866785,
    "auc": 0.7758721181147274
  }
}