{
  "config_name": "with_users",
  "seed": 123,
  "timestamp": "20250817_005017",
  "training_time": 1278.9620940685272,
  "final_loss": 0.355328688451222,
  "best_val_loss": 0.4472669027745724,
  "training_losses": [
    0.4099081669534956,
    0.38670374836240495,
    0.37634713053703306,
    0.3744718815599169,
    0.37059533085141866,
    0.36989070347377234,
    0.36885175108909607,
    0.36686403325625827,
    0.36605027828897746,
    0.3657070142882211,
    0.3645666020257132,
    0.36532635263034274,
    0.3640282528741019,
    0.36377234033175876,
    0.36368747183254785,
    0.3631258147103446,
    0.361711198091507,
    0.36290216786520824,
    0.36320801377296447,
    0.3620764025620052,
    0.36252593312944686,
    0.36180796112333025,
    0.36202509999275206,
    0.3605471338544573,
    0.36155664665358406,
    0.36135509099279134,
    0.3612804242542812,
    0.3606861276285989,
    0.3597267883164542,
    0.36109517983027867,
    0.3616351042475019,
    0.3610872490065438,
    0.3604629959378924,
    0.36010715535708837,
    0.3611535787582397,
    0.36132165449006215,
    0.36080117991992405,
    0.3606511976037707,
    0.36126927988869806,
    0.3608784088066646,
    0.36149802463395253,
    0.3605405441352299,
    0.360880446434021,
    0.3602933202471052,
    0.3599812184061323,
    0.3606156238487789,
    0.3598731602941241,
    0.36040055922099523,
    0.3618593301091875,
    0.35896632415907725,
    0.36051629866872514,
    0.3601483634540013,
    0.3602635306971414,
    0.3606485656329564,
    0.359776223557336,
    0.36034560459000725,
    0.36063072425978526,
    0.35982185772487096,
    0.3604999780654907,
    0.3608530853475843,
    0.36002332057271685,
    0.36081362111227855,
    0.359865790605545,
    0.3610243618488312,
    0.35903512494904655,
    0.36068144525800433,
    0.3606737409319196,
    0.3598193747656686,
    0.3608346164226532,
    0.3603222804410117,
    0.3603410082204001,
    0.35826510446412224,
    0.3600537138325827,
    0.3599753090313503,
    0.3605922017778669,
    0.3599556028842926,
    0.3599114809717451,
    0.3624628952571324,
    0.3609773738043649,
    0.3612766351018633,
    0.3595712568078722,
    0.3597300248486655,
    0.3598027450697763,
    0.3607161658150809,
    0.360833523103169,
    0.35931891458375115,
    0.3591637679508754,
    0.36038036687033514,
    0.36056784391403196,
    0.3603702289717538,
    0.36117241978645326,
    0.3604315979140145,
    0.36007050360952103,
    0.3601912634713309,
    0.3593936911651066,
    0.36142643094062804,
    0.35985170262200494,
    0.3594413604055132,
    0.3603112510272435,
    0.3593557485512325,
    0.3599390404564994,
    0.3594531774520874,
    0.3595613496644156,
    0.3588916906288692,
    0.35841208185468404,
    0.358788982459477,
    0.3587024595056261,
    0.35602458885737825,
    0.35825089045933317,
    0.3575769092355456,
    0.35658451999936785,
    0.35738086785588946,
    0.3582907864025661,
    0.3576776938779013,
    0.35823223079953875,
    0.35721852353640965,
    0.3566467651299068,
    0.35765665684427533,
    0.35653453724724904,
    0.3574955667768206,
    0.3577934903757913,
    0.35541416236332485,
    0.3563014192240579,
    0.35736747894968307,
    0.3558114085878645,
    0.3568976734365736,
    0.3567758764539446,
    0.35656918798174175,
    0.3564723423549107,
    0.3571185886859894,
    0.35592987537384035,
    0.35679809280804226,
    0.3565666854381561,
    0.3562984585762024,
    0.35624743018831523,
    0.356697028023856,
    0.3564717446054731,
    0.3559761677469526,
    0.35626039590154374,
    0.35719555956976756,
    0.35773931656564983,
    0.3565574782235282,
    0.3565529116562435,
    0.3555044421127864,
    0.3567114421299526,
    0.35653311780520847,
    0.35641610281808034,
    0.35780180777822224,
    0.35674425959587097,
    0.3560829426561083,
    0.35532057966504776,
    0.3557406076363155,
    0.35517366273062567,
    0.3553638185773577,
    0.35626799293926786,
    0.35615592343466623,
    0.3561007814747947,
    0.35515573705945697,
    0.3553525950227465,
    0.355328688451222
  ],
  "test_metrics": {
    "precision@5": 0.4328571428571429,
    "recall@5": 0.37087667291490267,
    "ndcg@5": 0.4730568212717886,
    "precision@10": 0.3425,
    "recall@10": 0.5303664589072042,
    "ndcg@10": 0.5038513479681336,
    "precision@20": 0.21785714285714286,
    "recall@20": 0.648285700827994,
    "ndcg@20": 0.5463655402949847,
    "auc": 0.7628793904782171
  }
}