{
  "config_name": "with_users",
  "seed": 789,
  "timestamp": "20250817_014010",
  "training_time": 971.0591759681702,
  "final_loss": 0.35497611165046694,
  "best_val_loss": 0.4425036422908306,
  "training_losses": [
    0.40919199160167147,
    0.38596603955541336,
    0.3773891500064305,
    0.37352266396795003,
    0.37106665883745465,
    0.36983599662780764,
    0.3684927906308855,
    0.36776326724461145,
    0.36639236296926225,
    0.3661634053502764,
    0.3650296696594783,
    0.36353883913585117,
    0.36335858617510114,
    0.3631832940237863,
    0.36340679356030053,
    0.36339167186192106,
    0.3621313052518027,
    0.36196720600128174,
    0.3630171358585358,
    0.3616003973143441,
    0.3622568300792149,
    0.36198950920786177,
    0.36137948972838263,
    0.3618374117783138,
    0.36087664110319956,
    0.3627666413784027,
    0.36168415205819265,
    0.3614670855658395,
    0.36118694714137484,
    0.3613285941737039,
    0.36124398793493,
    0.36051230941499984,
    0.36180897184780664,
    0.360653236082622,
    0.36181665829249793,
    0.3610702335834503,
    0.360359411580222,
    0.36103662593024116,
    0.3599668460232871,
    0.3594095749514444,
    0.36089858753340587,
    0.36028132694108145,
    0.36078799196652006,
    0.36127071380615233,
    0.3601266920566559,
    0.36015285338674274,
    0.35947923575128826,
    0.3606614223548344,
    0.35962544083595277,
    0.36032225149018426,
    0.36041501590183805,
    0.3592625558376312,
    0.3598443329334259,
    0.35992924315588815,
    0.36094841531344823,
    0.36104131170681547,
    0.3607591382094792,
    0.3599031329154968,
    0.36081409284046717,
    0.3607889890670776,
    0.3606364607810974,
    0.3604754269123077,
    0.35890031712395803,
    0.3610060010637556,
    0.3607396917683738,
    0.36040720088141304,
    0.3599468265260969,
    0.35989577770233155,
    0.3604787494455065,
    0.36124879377228875,
    0.3596417963504791,
    0.3594460223402296,
    0.36002400262015205,
    0.3605773551123483,
    0.3604613721370697,
    0.3595180605139051,
    0.3601189468588148,
    0.360380334513528,
    0.3600326989378248,
    0.3612172441823142,
    0.36023737703050884,
    0.36063883645193917,
    0.3606264889240265,
    0.3596509303365435,
    0.36145562188965935,
    0.3597828677722386,
    0.3594521769455501,
    0.3606906729085105,
    0.3607098664556231,
    0.36049986566816056,
    0.3592807982649122,
    0.3599627758775439,
    0.35963564685412813,
    0.36008255141122003,
    0.3608015605381557,
    0.360070310320173,
    0.3597908948149,
    0.36083578722817555,
    0.3606570397104536,
    0.35995126707213265,
    0.36071753672191076,
    0.359066675390516,
    0.3588664787156241,
    0.3596576980182103,
    0.35860883934157234,
    0.35849842003413607,
    0.3577550709247589,
    0.3575442739895412,
    0.35785352843148366,
    0.3577004526342664,
    0.3572486255850111,
    0.3568219218935285,
    0.3578826095376696,
    0.3577704761709486,
    0.35702733056885855,
    0.35698943308421544,
    0.35689679384231565,
    0.3575060307979584,
    0.3568368119852883,
    0.3581826337746212,
    0.3563063655580793,
    0.3573758797986167,
    0.3582017915589469,
    0.3562154846532004,
    0.3576135890824454,
    0.35656515104430064,
    0.3566493025847844,
    0.3581893733569554,
    0.35609342285564966,
    0.356809207371303,
    0.356637385061809,
    0.35758641362190247,
    0.3571340050016131,
    0.35688941734177726,
    0.35609588963644845,
    0.3564480926309313,
    0.3554475545883179,
    0.3567283715520586,
    0.354793005330222,
    0.3564180195331573,
    0.35602249417986187,
    0.35642545223236083,
    0.3562480168683188,
    0.35640754188810075,
    0.3566751914364951,
    0.3573111942836216,
    0.35634023376873564,
    0.3565914145537785,
    0.3564086411680494,
    0.3556792105947222,
    0.3566543911184583,
    0.3562453746795654,
    0.35636176211493353,
    0.3554696295942579,
    0.35494747502463203,
    0.35583752904619487,
    0.35555622833115713,
    0.3556499464171273,
    0.35519090805734904,
    0.35497611165046694
  ],
  "test_metrics": {
    "precision@5": 0.4385714285714286,
    "recall@5": 0.38095297871019346,
    "ndcg@5": 0.48961870581423456,
    "precision@10": 0.3425,
    "recall@10": 0.536971733592836,
    "ndcg@10": 0.5172792529644415,
    "precision@20": 0.21767857142857144,
    "recall@20": 0.6487501092787746,
    "ndcg@20": 0.5581987598886299,
    "auc": 0.767136318888996
  }
}