{
  "config_name": "with_users",
  "seed": 42,
  "timestamp": "20250817_003002",
  "training_time": 1214.9025349617004,
  "final_loss": 0.3552667268684932,
  "best_val_loss": 0.4447302483022213,
  "training_losses": [
    0.4089405953884125,
    0.38622526015554154,
    0.37631540639059885,
    0.37252026200294497,
    0.3710728602749961,
    0.36999256099973404,
    0.3679657731737409,
    0.3669638557093484,
    0.3662574086870466,
    0.3649930400507791,
    0.36451316816466195,
    0.36458866255623956,
    0.363687116759164,
    0.36339275751795086,
    0.36311035326548985,
    0.36368788736207147,
    0.36232441919190544,
    0.361335997070585,
    0.3613541041101728,
    0.36220295684678216,
    0.362501973765237,
    0.3616572235311781,
    0.36121611765452794,
    0.36128922530582974,
    0.3618842559201377,
    0.3604553026812417,
    0.3615822902747563,
    0.36052153621401106,
    0.3611018478870392,
    0.3621536774294717,
    0.36098775267601013,
    0.3605514424187796,
    0.3606273097651345,
    0.3608157847608839,
    0.36103966661861964,
    0.36060494610241484,
    0.35989997557231357,
    0.3608365288802556,
    0.3603946268558502,
    0.35963591848100934,
    0.3596563952309745,
    0.3607267243521554,
    0.36128844022750856,
    0.36009170242718286,
    0.3605876556464604,
    0.36017722742898123,
    0.35960576023374285,
    0.3600134926182883,
    0.3608553077493395,
    0.36004426309040616,
    0.3600573446069445,
    0.36081630417278837,
    0.36104195288249424,
    0.36132248044013976,
    0.35980689185006276,
    0.36051888636180335,
    0.3611951998301915,
    0.3610426919800895,
    0.3603098588330405,
    0.361190459557942,
    0.3607015490531921,
    0.3606056596551623,
    0.3612958635602679,
    0.3587549822671073,
    0.36000259178025384,
    0.36140962668827603,
    0.3599939525127411,
    0.3602899534361703,
    0.3600179093224662,
    0.36007788266454427,
    0.36019248451505387,
    0.3588433963911874,
    0.3594667264393398,
    0.3600562163761684,
    0.36013583030019486,
    0.3589001280920846,
    0.35996295043400356,
    0.3592943370342255,
    0.3603900619915554,
    0.359275198834283,
    0.36067459327833995,
    0.3601243845054081,
    0.35947031804493496,
    0.35980024337768557,
    0.36105451243264336,
    0.36023715393883843,
    0.3609606470380511,
    0.36065389173371454,
    0.36089205741882324,
    0.3606155088969639,
    0.3605454921722412,
    0.36108706678662983,
    0.3600667110511235,
    0.359265011548996,
    0.35969620091574533,
    0.3588878469807761,
    0.36179804376193453,
    0.36106415816715787,
    0.36002111775534495,
    0.3601526839392526,
    0.3604796929018838,
    0.3597080085958753,
    0.35897853800228663,
    0.3573076444012778,
    0.3575478528227125,
    0.3579100464071546,
    0.35781893389565606,
    0.3595729529857635,
    0.35808333158493044,
    0.35827399492263795,
    0.35702919363975527,
    0.35725947448185513,
    0.3576697971139635,
    0.357205502476011,
    0.35776766453470504,
    0.35786205445017133,
    0.35750519377844675,
    0.3566424139908382,
    0.35733229858534676,
    0.3557718132223402,
    0.3567885841642107,
    0.3570006617477962,
    0.35671631864139014,
    0.35759910685675483,
    0.3560360550880432,
    0.35767809918948584,
    0.3563500327723367,
    0.357428993497576,
    0.3560001075267792,
    0.3564945161342621,
    0.3572029573576791,
    0.35603739363806586,
    0.3567823989050729,
    0.3554006363664355,
    0.3570471738065992,
    0.35615057860101973,
    0.3560347301619394,
    0.3569369614124298,
    0.35535228933606827,
    0.35692342604909627,
    0.35626995137759615,
    0.3561411253043583,
    0.35492986610957555,
    0.35670157756124227,
    0.3553546215806689,
    0.3563088987554823,
    0.3567249987806593,
    0.3564538436276572,
    0.35591561794281007,
    0.3557918846607208,
    0.3558395573071071,
    0.35537912249565123,
    0.355692161832537,
    0.35605890836034504,
    0.3551694486822401,
    0.35526014396122524,
    0.3555127305643899,
    0.3563088834285736,
    0.3546189154897417,
    0.3552667268684932
  ],
  "test_metrics": {
    "precision@5": 0.4242857142857143,
    "recall@5": 0.3621067492295655,
    "ndcg@5": 0.46214851245401606,
    "precision@10": 0.34285714285714286,
    "recall@10": 0.526400245244092,
    "ndcg@10": 0.4978115487881696,
    "precision@20": 0.21410714285714283,
    "recall@20": 0.6368527407742633,
    "ndcg@20": 0.5367691653702947,
    "auc": 0.7583719192152919
  }
}