{
  "config_name": "with_artists",
  "seed": 123,
  "timestamp": "20250816_231317",
  "training_time": 1005.464919090271,
  "final_loss": 0.35174114874431067,
  "best_val_loss": 0.45858047530055046,
  "training_losses": [
    0.4193692488329751,
    0.3924908578395844,
    0.3796798816749028,
    0.3766801927770887,
    0.3725193304674966,
    0.3713020477976118,
    0.37018083333969115,
    0.3677234351634979,
    0.3673609333378928,
    0.3663775188582284,
    0.36533375212124414,
    0.3660911466394152,
    0.36479187607765196,
    0.3646353006362915,
    0.3645382591656276,
    0.3633730462619236,
    0.3624972334929875,
    0.36346494896071296,
    0.363227299281529,
    0.3623629518917629,
    0.363004675081798,
    0.36186080660138814,
    0.3620992720127106,
    0.3607270053454808,
    0.3619553531919207,
    0.3614324544157301,
    0.36142683710370743,
    0.36059120297431946,
    0.3595130775656019,
    0.360992727960859,
    0.36143272178513663,
    0.3604846205030169,
    0.3604127654007503,
    0.3597214928695134,
    0.36061395406723024,
    0.3610826994691576,
    0.3602963285786765,
    0.3600431450775691,
    0.3608032814093998,
    0.36006643686975753,
    0.36095509699412753,
    0.35993910006114416,
    0.359871358530862,
    0.3589376560279301,
    0.35892466051237926,
    0.3596740577902113,
    0.3588797756603786,
    0.35944047825677056,
    0.36078313759395053,
    0.3581126127924238,
    0.35927736588886805,
    0.35912258199283054,
    0.35871639422007967,
    0.3595052761690957,
    0.3584216398852212,
    0.3590653777122498,
    0.35943821924073355,
    0.35819369639669146,
    0.3592434389250619,
    0.35923355732645307,
    0.3583668461867741,
    0.3592797909464155,
    0.35838214669908797,
    0.35944764614105223,
    0.3574640231473105,
    0.358941867521831,
    0.35868161576134816,
    0.3579770130770547,
    0.3589584503855024,
    0.35860166379383634,
    0.3583969371659415,
    0.35656408667564393,
    0.35796218258993967,
    0.35779737659863065,
    0.35861824921199253,
    0.35769338522638594,
    0.35791485735348294,
    0.3601620614528656,
    0.3589741085256849,
    0.35921097568103244,
    0.35742290445736474,
    0.35730644379343307,
    0.35767567924090793,
    0.35836798548698423,
    0.35861516850335257,
    0.35704509701047626,
    0.3566615079130445,
    0.3577450931072235,
    0.35798009293419975,
    0.35780433671815054,
    0.35893751978874205,
    0.357924439225878,
    0.3573459344250815,
    0.3574137508869171,
    0.35664661611829485,
    0.3587263422352927,
    0.3573067571435656,
    0.356878673178809,
    0.35755751729011537,
    0.3565497168472835,
    0.3570937446185521,
    0.3564883010728019,
    0.3562235891819,
    0.35568165693964277,
    0.3548361471721104,
    0.35540666920798164,
    0.3551097733633859,
    0.3528521154608045,
    0.35496619173458643,
    0.35373554825782777,
    0.3530198233468192,
    0.3538418139730181,
    0.3548098470483507,
    0.35412956391062056,
    0.354664580311094,
    0.3533502978937966,
    0.3532854063170297,
    0.35402738196509226,
    0.3527132911341531,
    0.35388520700590953,
    0.35437554802213395,
    0.3517148324421474,
    0.3527252299445016,
    0.353709191935403,
    0.3520933355603899,
    0.35313854558127267,
    0.3530555146081107,
    0.3528780588081905,
    0.3529977892126356,
    0.35346012456076487,
    0.3522657922336033,
    0.3531959806169782,
    0.35269354581832885,
    0.3523458642618997,
    0.3527698176247733,
    0.3533047693116324,
    0.35259192415646146,
    0.3523694864341191,
    0.35252306291035246,
    0.35343499183654786,
    0.35398109555244445,
    0.3528058247906821,
    0.3528769884790693,
    0.35214006219591415,
    0.3531347802707127,
    0.35283232501574924,
    0.352964620079313,
    0.35408896803855894,
    0.3531976214476994,
    0.3524792458329882,
    0.35171476006507874,
    0.3521666688578469,
    0.3520540143762316,
    0.3517065414360591,
    0.3527511043207986,
    0.3523978991167886,
    0.3523911578314645,
    0.35158768892288206,
    0.3516678060804095,
    0.35174114874431067
  ],
  "test_metrics": {
    "precision@5": 0.3492857142857143,
    "recall@5": 0.28876825058326605,
    "ndcg@5": 0.38826515897198927,
    "precision@10": 0.26964285714285713,
    "recall@10": 0.4094117588453612,
    "ndcg@10": 0.4006424379843336,
    "precision@20": 0.17714285714285716,
    "recall@20": 0.520869735898899,
    "ndcg@20": 0.44089858440585233,
    "auc": 0.66903169870459
  }
}