{
  "config_name": "with_artists",
  "seed": 456,
  "timestamp": "20250816_233004",
  "training_time": 1178.762817144394,
  "final_loss": 0.35267377580915177,
  "best_val_loss": 0.45565515011548996,
  "training_losses": [
    0.4183102616242,
    0.3921461241585868,
    0.3796107496534075,
    0.37571477123669217,
    0.37301396472113474,
    0.3711540051868984,
    0.369046276807785,
    0.36843127182551794,
    0.3673767404896872,
    0.36688055651528495,
    0.366747898714883,
    0.36545082245554245,
    0.3657422857625144,
    0.36433320896966115,
    0.3641657199178423,
    0.3624133884906769,
    0.3622690405164446,
    0.3615596898964473,
    0.3623498320579529,
    0.36166240402630395,
    0.3624436352934156,
    0.36098949483462744,
    0.36084550278527394,
    0.3609656376498086,
    0.36102002007620676,
    0.36026958908353535,
    0.3611628336565835,
    0.3606833185468401,
    0.3616436864648547,
    0.3607815035751888,
    0.36056954264640806,
    0.36056248886244635,
    0.3606726050376892,
    0.35942715321268354,
    0.3606820583343506,
    0.35976405910083226,
    0.3597190294946943,
    0.3611593680722373,
    0.3595222967011588,
    0.35962308645248414,
    0.35909850086484635,
    0.3589874276093074,
    0.3592574213232313,
    0.36051252228873115,
    0.35904540249279565,
    0.3595049900668008,
    0.3599414042064122,
    0.359273921591895,
    0.35915516104016987,
    0.3586753487586975,
    0.3592020298753466,
    0.3591897470610482,
    0.35839059267725265,
    0.3591525299208505,
    0.35940413134438653,
    0.36013625264167787,
    0.35946990421840125,
    0.35886724080358234,
    0.35833034345081877,
    0.35931889840534753,
    0.3593357264995575,
    0.3592150117669787,
    0.35825191310473853,
    0.3578638425895146,
    0.35833785363606047,
    0.35874732307025364,
    0.35796917506626674,
    0.35831040825162613,
    0.3574520945549011,
    0.357643050806863,
    0.3566661536693573,
    0.35712390201432365,
    0.35854563457625255,
    0.35768429722104755,
    0.35750085030283246,
    0.3580758920737675,
    0.3574697324207851,
    0.35776806047984533,
    0.3575006902217865,
    0.35859069057873316,
    0.3576755932399205,
    0.3567907869815826,
    0.3577897676399776,
    0.35784628220966885,
    0.3578572264739445,
    0.35883632813181193,
    0.357388779095241,
    0.3571307131222316,
    0.3579283739839281,
    0.3571787885257176,
    0.35655452268464227,
    0.35772658501352583,
    0.3578565674168723,
    0.35630212255886623,
    0.3567788200719016,
    0.3576041851724897,
    0.3574027214731489,
    0.3579783082008362,
    0.3571299527372633,
    0.35692067742347716,
    0.35724732535226006,
    0.3548880704811641,
    0.3568928956985474,
    0.35515597547803607,
    0.35477017930575777,
    0.3542326748371124,
    0.35534073199544636,
    0.35386670657566616,
    0.3549571454524994,
    0.3544479497841426,
    0.3533628310476031,
    0.35460179107529777,
    0.3536081944193159,
    0.35360327788761686,
    0.3534313270023891,
    0.3537144328866686,
    0.35352299298558915,
    0.35312000683375766,
    0.3527641671044486,
    0.3531338214874268,
    0.35262748088155477,
    0.3537326880863735,
    0.35470379761287146,
    0.3524979838303157,
    0.35279189348220824,
    0.3536870973450797,
    0.35283701249531335,
    0.3531510327543531,
    0.352639787537711,
    0.35227324622017997,
    0.3530581295490265,
    0.35251183084079196,
    0.35190782036100116,
    0.35193348271506175,
    0.35090973802975245,
    0.3527938459600721,
    0.35288076656205314,
    0.35174754176821027,
    0.35248701402119226,
    0.3522620039326804,
    0.35341647011893135,
    0.35316081472805566,
    0.35419297729219706,
    0.35221168058259145,
    0.3510093995503017,
    0.3532585416521345,
    0.35198197279657634,
    0.3523076159613473,
    0.3528341540268489,
    0.35200163211141317,
    0.35161837679999214,
    0.3531568833759853,
    0.35306301968438286,
    0.3510286637714931,
    0.3535023834024157,
    0.35185387645448957,
    0.3517928217138563,
    0.3523150912352971,
    0.3521116827215467,
    0.35267377580915177
  ],
  "test_metrics": {
    "precision@5": 0.34285714285714286,
    "recall@5": 0.2793491910013914,
    "ndcg@5": 0.3915882092429034,
    "precision@10": 0.2646428571428571,
    "recall@10": 0.40665764183234326,
    "ndcg@10": 0.404257410493717,
    "precision@20": 0.1742857142857143,
    "recall@20": 0.5225214869256498,
    "ndcg@20": 0.44625591243514984,
    "auc": 0.669109560878279
  }
}