{
  "config_name": "with_artists",
  "seed": 42,
  "timestamp": "20250816_225600",
  "training_time": 1036.1352980136871,
  "final_loss": 0.3519036522933415,
  "best_val_loss": 0.4565781131386757,
  "training_losses": [
    0.4184337675571442,
    0.3916670765195574,
    0.37965622544288635,
    0.3748744215284075,
    0.3728103075708662,
    0.3713612573487418,
    0.3693338922091893,
    0.36851629529680524,
    0.3670814216136932,
    0.3657164360795702,
    0.3654037143502917,
    0.3654940179416111,
    0.36455892409597124,
    0.3639212889330728,
    0.3638772564274924,
    0.36426282269614085,
    0.36279433284487045,
    0.36195150102887835,
    0.3617092660495213,
    0.3627557269164494,
    0.3625761960233961,
    0.3619379665170397,
    0.3613624700478145,
    0.36127746190343585,
    0.3620246972356524,
    0.3603874845164163,
    0.3614627616746085,
    0.36040218472480773,
    0.36089664953095574,
    0.36203205074582784,
    0.36052683336394176,
    0.3602524391242436,
    0.3600472756794521,
    0.3601503244468144,
    0.36049713407244,
    0.36004520654678346,
    0.35933654734066556,
    0.3599914950983865,
    0.3595710158348083,
    0.359016078710556,
    0.35881500329290117,
    0.3601341690335955,
    0.36064364399228777,
    0.3591263711452484,
    0.35972422701971873,
    0.35900543757847375,
    0.35866064344133647,
    0.3589200437068939,
    0.3595925373690469,
    0.35899825947625297,
    0.3588849799973624,
    0.3597085246018001,
    0.35973568388393945,
    0.35972169722829545,
    0.35826747587748936,
    0.3591750502586365,
    0.35968771151133944,
    0.35966418811253137,
    0.358852424791881,
    0.3594099887779781,
    0.3591008867536272,
    0.35916558589254105,
    0.3594047214303698,
    0.35710743410246715,
    0.3581380912235805,
    0.35954556465148924,
    0.3581545352935791,
    0.35858022230012077,
    0.35784967711993626,
    0.3584011120455606,
    0.3582870517458234,
    0.3567151163305555,
    0.3573064250605447,
    0.35787746735981535,
    0.3580831340381077,
    0.3567660689353943,
    0.3580623703343528,
    0.356880612884249,
    0.3583038185323988,
    0.3569587962968009,
    0.3580077988760812,
    0.35804699233600074,
    0.3570054999419621,
    0.3573877189840589,
    0.35875546847070966,
    0.35749478510447913,
    0.35859376192092896,
    0.3580366654055459,
    0.35846553870609826,
    0.35802040440695626,
    0.3582557269505092,
    0.35882524251937864,
    0.3575084958757673,
    0.35659259983471464,
    0.35688535911696295,
    0.35620135154042926,
    0.35920259015900746,
    0.3578722357749939,
    0.3572164671761649,
    0.35756427645683286,
    0.35750461901937214,
    0.35652033260890414,
    0.35560947826930456,
    0.35403271062033514,
    0.35411511063575746,
    0.3547171584197453,
    0.35443056310926163,
    0.3562582348074232,
    0.3547551597867693,
    0.35475316899163384,
    0.35361086981637135,
    0.353656850542341,
    0.3541894733905792,
    0.3535861355917794,
    0.3541739634105137,
    0.3543888245310102,
    0.3535051907811846,
    0.3527367217200143,
    0.3535136009965624,
    0.35211937768118723,
    0.3532151188169207,
    0.35347762618746076,
    0.35319825070244926,
    0.3538935669830867,
    0.35244241952896116,
    0.35384154660361156,
    0.3526509003979819,
    0.35357369780540465,
    0.35204771075929914,
    0.35273423109735763,
    0.353536810193743,
    0.35260554807526723,
    0.35328381061553954,
    0.35127229520252773,
    0.3533656290599278,
    0.35225125551223757,
    0.35258046218327116,
    0.3530560680798122,
    0.3515653005668095,
    0.3531141034194401,
    0.3527016418320792,
    0.3526254151548658,
    0.3513540889535631,
    0.35290424568312506,
    0.3517005171094622,
    0.3525779332433428,
    0.3529463648796082,
    0.35294988921710424,
    0.352209483725684,
    0.3520343210015978,
    0.35219590834208897,
    0.3518056145736149,
    0.35226748159953525,
    0.3526690125465393,
    0.3518959726606097,
    0.3519549199513027,
    0.35183636886732916,
    0.3531801904950823,
    0.35125577790396556,
    0.3519036522933415
  ],
  "test_metrics": {
    "precision@5": 0.3464285714285714,
    "recall@5": 0.28448318727564637,
    "ndcg@5": 0.38197316541035226,
    "precision@10": 0.26857142857142857,
    "recall@10": 0.40729433627211165,
    "ndcg@10": 0.39791954730536866,
    "precision@20": 0.17339285714285713,
    "recall@20": 0.5056898595378527,
    "ndcg@20": 0.434072157349232,
    "auc": 0.6648031443373534
  }
}