{
  "config_name": "with_artists",
  "seed": 789,
  "timestamp": "20250816_234943",
  "training_time": 968.3508381843567,
  "final_loss": 0.35166658077921187,
  "best_val_loss": 0.4540618769824505,
  "training_losses": [
    0.41850649969918385,
    0.39132168548447743,
    0.3802102770124163,
    0.375106486252376,
    0.37304165193012784,
    0.371679094008037,
    0.36941285303660804,
    0.3687765487602779,
    0.3676572382450104,
    0.3671498690332685,
    0.36595618639673505,
    0.36437320453780037,
    0.363950275523322,
    0.36377856305667333,
    0.36382689646312166,
    0.36392844915390016,
    0.3625896564551762,
    0.3623145418507712,
    0.3633212421621595,
    0.361838493176869,
    0.3625097138541085,
    0.36207060984202794,
    0.3614148463521685,
    0.3620812918458666,
    0.3609839601176126,
    0.3624945044517517,
    0.36156233719417025,
    0.36142650927816117,
    0.36092709984098165,
    0.3612278299672263,
    0.3611827313899994,
    0.3604539752006531,
    0.36159913114139014,
    0.3605300332818713,
    0.36141317742211476,
    0.3606527762753623,
    0.3596122281891959,
    0.36054514305932184,
    0.359474675144468,
    0.3586919231074197,
    0.36016665186200825,
    0.35967609882354734,
    0.35984817402703423,
    0.36044569526399883,
    0.35929428083556036,
    0.3591320965971265,
    0.3586847586291177,
    0.35983015298843385,
    0.3586099990776607,
    0.35902291195733205,
    0.35915477871894835,
    0.3578647656100137,
    0.35862440296581816,
    0.35859480585370745,
    0.35971014244215826,
    0.3599276772567204,
    0.35930212480681284,
    0.3584976536887033,
    0.3592930478709085,
    0.3593183023588998,
    0.35901497091565815,
    0.3590076914855412,
    0.35733877164976935,
    0.35926605463027955,
    0.35896181464195254,
    0.3587517602103097,
    0.35835466980934144,
    0.3578780625547682,
    0.358902599130358,
    0.359295620237078,
    0.3578072599002293,
    0.35774250371115546,
    0.35811301384653366,
    0.358305549621582,
    0.35817334822246005,
    0.35762137174606323,
    0.35804284725870406,
    0.3581530375140054,
    0.3576505490711757,
    0.35909075481551034,
    0.3579332947731018,
    0.35835644602775574,
    0.3582733563014439,
    0.3573172211647034,
    0.3591509112289974,
    0.35743483219827926,
    0.3569806890828269,
    0.35817619647298543,
    0.358053366627012,
    0.35797190240451265,
    0.3567724789891924,
    0.35712522183145795,
    0.3569127193519047,
    0.3574450756822314,
    0.35798215780939374,
    0.3574054019791739,
    0.35731390288897924,
    0.35805105481828964,
    0.35793943320001875,
    0.3572115182876587,
    0.358056093113763,
    0.35590588450431826,
    0.3557857419763293,
    0.3565137437411717,
    0.35531705958502635,
    0.35517100010599406,
    0.3543949110167367,
    0.3543728198323931,
    0.3546526798180171,
    0.354367276600429,
    0.35373366815703255,
    0.3535061197621482,
    0.35446535689490183,
    0.3544608848435538,
    0.3534970155784062,
    0.35339336565562657,
    0.3531816899776459,
    0.35367909414427623,
    0.3531864311013903,
    0.3545378633907863,
    0.3525684654712677,
    0.3535079717636108,
    0.3548090432371412,
    0.35270020536014013,
    0.3538269553865705,
    0.3528742611408234,
    0.3528755843639374,
    0.3541190479482923,
    0.35262793813432963,
    0.353000317301069,
    0.3531198731490544,
    0.3539042362145015,
    0.35353978531701225,
    0.3532909435885293,
    0.35228847180094036,
    0.35320532917976377,
    0.3517745179789407,
    0.35328636510031564,
    0.35120719500950404,
    0.35272952658789497,
    0.35230758701051984,
    0.35303089533533366,
    0.3521166205406189,
    0.35235677872385296,
    0.353072304385049,
    0.35392038481576105,
    0.3530619536127363,
    0.3528874950749534,
    0.35257819976125443,
    0.3521702672754015,
    0.352735778263637,
    0.35284788012504575,
    0.35276653596333096,
    0.3520863124302455,
    0.3515343393598284,
    0.35218784383365087,
    0.35200693011283873,
    0.3521298255239214,
    0.3517052446092878,
    0.35166658077921187
  ],
  "test_metrics": {
    "precision@5": 0.3492857142857143,
    "recall@5": 0.2888435107971541,
    "ndcg@5": 0.38861629856101204,
    "precision@10": 0.2642857142857143,
    "recall@10": 0.4071586498511808,
    "ndcg@10": 0.3994278273128751,
    "precision@20": 0.17464285714285716,
    "recall@20": 0.522430637142601,
    "ndcg@20": 0.4416723148524482,
    "auc": 0.6745309618452369
  }
}