{
  "config_name": "with_users",
  "seed": 999,
  "timestamp": "20250817_015622",
  "training_time": 641.3096587657928,
  "final_loss": 0.35660229325294496,
  "best_val_loss": 0.44396743550896645,
  "training_losses": [
    0.4091555075986045,
    0.38646969028881617,
    0.3775067218712398,
    0.37274432608059477,
    0.3725439548492432,
    0.3702243413243975,
    0.368393863098962,
    0.3677889014993395,
    0.3669595990862165,
    0.3654111419405256,
    0.3650370955467224,
    0.3645322918891907,
    0.3637396965708051,
    0.36407647984368463,
    0.36372112802096773,
    0.3627158743994577,
    0.3630258432456425,
    0.36231679575783865,
    0.36266566004071915,
    0.3619662421090262,
    0.3614509642124176,
    0.36068628600665503,
    0.36193731682641167,
    0.36185648356165206,
    0.3609744506222861,
    0.3619179402078901,
    0.3609020641871861,
    0.36023503627095904,
    0.36154040013040817,
    0.36093885813440596,
    0.36095858045986723,
    0.3612085112503597,
    0.3606463142803737,
    0.3612518778869084,
    0.3611007571220398,
    0.36052550332886835,
    0.36127799919673376,
    0.35947314841406686,
    0.360684666463307,
    0.36157104458127703,
    0.36082437123571126,
    0.3610926032066345,
    0.3606890848704747,
    0.36000330363001143,
    0.3593046724796295,
    0.3608720634664808,
    0.35995326723371235,
    0.35965246983936855,
    0.3610424842153277,
    0.3601675186838422,
    0.3608076700142452,
    0.35954345038958957,
    0.3600094199180603,
    0.3603992130075182,
    0.36022375481469293,
    0.36005761963980537,
    0.3589352658816746,
    0.35977604559489657,
    0.3599224729197366,
    0.3602354075227465,
    0.36147240826061794,
    0.35982716935021536,
    0.35979906576020376,
    0.36036365287644523,
    0.36000492487634933,
    0.36014931287084306,
    0.35998155134064813,
    0.3596999815532139,
    0.3592697313853673,
    0.3610470226832799,
    0.3600706841264452,
    0.36028148021016804,
    0.3608325447354998,
    0.36020262241363527,
    0.36056497352463857,
    0.3600015504019601,
    0.36098156571388246,
    0.35994801436151774,
    0.36171976583344595,
    0.36012432064328875,
    0.36042027047702246,
    0.3603081294468471,
    0.3606725675719125,
    0.3604344708578927,
    0.36041534883635384,
    0.35935417669160025,
    0.36112056629998346,
    0.36119433045387267,
    0.35984846353530886,
    0.3609548202582768,
    0.36009244322776796,
    0.3603025300162179,
    0.36120183297566005,
    0.3606609012399401,
    0.36146384137017384,
    0.3614631976400103,
    0.3604619996888297,
    0.361470684834889,
    0.35908176132610864,
    0.3602748572826385,
    0.3587996644633157,
    0.3597784297806876,
    0.3596329987049103,
    0.35728881103651866,
    0.3590130048138755,
    0.3575855459485735,
    0.35778762527874536,
    0.3576585148062025,
    0.35717176028660363,
    0.35781385728291104,
    0.35817777173859733,
    0.3577982187271118,
    0.3564175724983215,
    0.3567641590322767,
    0.35747297746794565,
    0.35775170070784434,
    0.35766340494155885,
    0.35591303961617604,
    0.3577490644795554,
    0.35789663706507,
    0.3556728252342769,
    0.35588138103485106,
    0.35722950441496715,
    0.35713821223803927,
    0.3575678927557809,
    0.3574188138757433,
    0.3561778162206922,
    0.3565996468067169,
    0.3570499982152666,
    0.3560134972844805,
    0.3573351834501539,
    0.3575503885746002,
    0.35589323469570705,
    0.3561352823461805,
    0.3566273510456085,
    0.3567706951073238,
    0.357059759753091,
    0.35539898702076506,
    0.3567045160702297,
    0.3560528780732836,
    0.3552521126610892,
    0.3560045659542084,
    0.3562381131308419,
    0.35633447425706044,
    0.3555537113121578,
    0.35610824823379517,
    0.3559608382838113,
    0.3559946860585894,
    0.3558344432285854,
    0.3561914784567697,
    0.3549397936889103,
    0.35682281936917987,
    0.35525604145867484,
    0.35586637343679156,
    0.3550314460481916,
    0.3544133722782135,
    0.35677726098469326,
    0.35732424855232237,
    0.35700369817870004,
    0.35660229325294496
  ],
  "test_metrics": {
    "precision@5": 0.44642857142857145,
    "recall@5": 0.38132149944691407,
    "ndcg@5": 0.4970975947812317,
    "precision@10": 0.34535714285714286,
    "recall@10": 0.5367985836986002,
    "ndcg@10": 0.5224000394536638,
    "precision@20": 0.21625,
    "recall@20": 0.6474622255355338,
    "ndcg@20": 0.5610474671391376,
    "auc": 0.7634919283879753
  }
}