{
  "config_name": "with_users",
  "seed": 456,
  "timestamp": "20250817_011137",
  "training_time": 1712.5679607391357,
  "final_loss": 0.35588526810918536,
  "best_val_loss": 0.4441828913986683,
  "training_losses": [
    0.40900716185569763,
    0.3867632005895887,
    0.37670884472983224,
    0.3738756120204926,
    0.37151664325169154,
    0.37003886784826007,
    0.3676488527229854,
    0.36784657495362416,
    0.3662183897835868,
    0.36587534546852113,
    0.3658771182809557,
    0.3648959015096937,
    0.3651298344135284,
    0.36413106322288513,
    0.3635588918413435,
    0.36239264351981026,
    0.36212253400257655,
    0.3610874797616686,
    0.3620993307658604,
    0.36150737149374823,
    0.3621057059083666,
    0.36085214785167147,
    0.3607433480875833,
    0.36078855991363523,
    0.36120059405054367,
    0.3602902250630515,
    0.36110724381038123,
    0.3610447713306972,
    0.36184879200799125,
    0.3606758909566062,
    0.36089686581066677,
    0.3607901326247624,
    0.36116394826344084,
    0.3596201888152531,
    0.361432956797736,
    0.3601148179599217,
    0.3603820400578635,
    0.36159577795437403,
    0.36023727229663305,
    0.3601884629045214,
    0.36003665668623785,
    0.3597144365310669,
    0.3599750655038016,
    0.36111167073249817,
    0.36019498109817505,
    0.3604337504931859,
    0.3606484753744943,
    0.3602470176560538,
    0.360435768536159,
    0.35989036560058596,
    0.3601467183658055,
    0.36013795818601335,
    0.3599628439971379,
    0.3605508429663522,
    0.36082361595971246,
    0.36152116656303407,
    0.3608349084854126,
    0.3599658872400011,
    0.35987402967044285,
    0.36096628648894175,
    0.36069467748914447,
    0.3606721707752773,
    0.35981062054634094,
    0.35971396139689854,
    0.36011820009776524,
    0.36072222334997994,
    0.3598721206188202,
    0.359825085742133,
    0.3592742936951773,
    0.359775048494339,
    0.3588159552642277,
    0.35909114820616583,
    0.36058283448219297,
    0.3595441486154284,
    0.35975913320268904,
    0.3603611775806972,
    0.35976341366767883,
    0.3603371603148324,
    0.36003309914043974,
    0.36085506847926546,
    0.3600453521524157,
    0.35933634298188344,
    0.3602277406624385,
    0.36029705575534277,
    0.3600414633750916,
    0.36120039565222606,
    0.3598588049411774,
    0.35954026665006367,
    0.36046668887138367,
    0.3599821593080248,
    0.359374977009637,
    0.36070235286440167,
    0.3606880179473332,
    0.35905855638640266,
    0.35962785652705603,
    0.3603849972997393,
    0.360319903918675,
    0.360608582837241,
    0.3603751974446433,
    0.3594077127320426,
    0.36038454260144914,
    0.35830537591661726,
    0.3599675008228847,
    0.3584750703402928,
    0.3583355026585715,
    0.3574919411114284,
    0.3588601231575012,
    0.35736573679106576,
    0.3584367913859231,
    0.3579319213117872,
    0.35701473099844794,
    0.3582560454096113,
    0.35715012550354003,
    0.3572858384677342,
    0.3571176758834294,
    0.3573619816984449,
    0.3573634275368282,
    0.35683754767690384,
    0.35657137376921516,
    0.3568665385246277,
    0.35637561167989457,
    0.3573441181864057,
    0.35823978100504195,
    0.3561851876122611,
    0.35694085359573363,
    0.35754795585359844,
    0.35643426861081806,
    0.3569795685155051,
    0.3560877408300127,
    0.35596957632473536,
    0.35662623814174105,
    0.3561845932688032,
    0.35580673132623947,
    0.3554357145513807,
    0.35448094265801566,
    0.3568248919078282,
    0.35662189722061155,
    0.35554928524153573,
    0.3560344065938677,
    0.35590975029127936,
    0.3571721187659672,
    0.356759968825749,
    0.3577228052275521,
    0.3560773176806314,
    0.35455798166138786,
    0.35686736021723064,
    0.3553019004208701,
    0.3558995144707816,
    0.35628281576292853,
    0.35561569843973434,
    0.3550654419830867,
    0.35638553500175474,
    0.35688633833612715,
    0.3548121520451137,
    0.3570094312940325,
    0.35523584655353,
    0.35536298155784607,
    0.3558138540812901,
    0.3555422535964421,
    0.35588526810918536
  ],
  "test_metrics": {
    "precision@5": 0.4278571428571429,
    "recall@5": 0.3665017210110642,
    "ndcg@5": 0.4783533635094254,
    "precision@10": 0.3360714285714286,
    "recall@10": 0.5241053245767697,
    "ndcg@10": 0.5053203829738138,
    "precision@20": 0.21464285714285716,
    "recall@20": 0.6436836659581021,
    "ndcg@20": 0.5486081855099297,
    "auc": 0.7603932388590935
  }
}