{
  "config_name": "with_artists",
  "seed": 999,
  "timestamp": "20250817_000552",
  "training_time": 1448.1066620349884,
  "final_loss": 0.35282412256513324,
  "best_val_loss": 0.4556850418448448,
  "training_losses": [
    0.4184608689376286,
    0.3923712619713375,
    0.38058868731771195,
    0.37501638446535385,
    0.37427669082369125,
    0.3717088963304247,
    0.3698226886136191,
    0.3688039413520268,
    0.3681529632636479,
    0.36652290310178487,
    0.36599366664886473,
    0.36543885554586136,
    0.3646325477531978,
    0.36494768347058976,
    0.3645022622176579,
    0.36331876942089625,
    0.3636021707739149,
    0.3626134787287031,
    0.36312259095055716,
    0.3622801286833627,
    0.36187228390148707,
    0.3611549002783639,
    0.36241573861667087,
    0.3618360655648368,
    0.3613054266997746,
    0.36215919511658806,
    0.3608420286859785,
    0.36008436339242117,
    0.36123992374965125,
    0.36075680681637357,
    0.3608307685170855,
    0.3611938272203718,
    0.3601756087371281,
    0.3608120458466666,
    0.3606215383325304,
    0.36000340921538215,
    0.3607883308615003,
    0.3588164465767997,
    0.36019198724201745,
    0.3609176857130868,
    0.36050820180347987,
    0.36028591905321394,
    0.359832284280232,
    0.3593693835394723,
    0.3586313911846706,
    0.35999338797160557,
    0.35897345542907716,
    0.3586343722684043,
    0.3601311666624887,
    0.3593223750591278,
    0.35992489542279926,
    0.358526520218168,
    0.35902834704944064,
    0.35911738531930104,
    0.35895710246903556,
    0.3587104158742087,
    0.357387866292681,
    0.35805600030081614,
    0.3582433010850634,
    0.35882454088756016,
    0.36000908017158506,
    0.3580357321671077,
    0.35796034932136533,
    0.3584582371371133,
    0.3580190079552787,
    0.35854455998965673,
    0.35815247637884956,
    0.3576147947992597,
    0.3576568501336234,
    0.3592776085649218,
    0.3579796629292624,
    0.3583841698510306,
    0.35877337966646466,
    0.35807950922421045,
    0.3583823152950832,
    0.35795573592185975,
    0.3586830122130258,
    0.3577467100960868,
    0.35926762734140666,
    0.3579189785889217,
    0.3581254346030099,
    0.3578954926558903,
    0.35830888407570977,
    0.3580238095351628,
    0.3579664775303432,
    0.3568447240761348,
    0.3584921130112239,
    0.3586327578340258,
    0.35772624697004046,
    0.35832935145923067,
    0.35786204763821194,
    0.3575126656464168,
    0.3586935860770089,
    0.35765627537454875,
    0.3586748915059226,
    0.35884354540279934,
    0.3578116425446102,
    0.35841246502740043,
    0.35634891050202505,
    0.35735018253326417,
    0.3559026198727744,
    0.3568401736872537,
    0.3565655784947532,
    0.3539739685399192,
    0.35563989196504864,
    0.3543153371129717,
    0.35434283443859643,
    0.35445881315640043,
    0.3538376705987113,
    0.35436700412205285,
    0.3545931339263916,
    0.3544920129435403,
    0.3529694608279637,
    0.3531793739114489,
    0.3537565886974335,
    0.35411565984998433,
    0.35400154846055165,
    0.3523270206792014,
    0.3539781127657209,
    0.35443378261157443,
    0.3519094450133187,
    0.3523404146943774,
    0.35365547452654156,
    0.35335926498685566,
    0.35368813957486833,
    0.35355615530695234,
    0.3526214063167572,
    0.35270109176635744,
    0.353445965051651,
    0.3521481284073421,
    0.35365919981684,
    0.3539010141577039,
    0.3522549067224775,
    0.3524000218936375,
    0.352874003137861,
    0.3528289266995021,
    0.353090055499758,
    0.3518005328519004,
    0.35308041828019276,
    0.3523517165865217,
    0.35146195803369795,
    0.35233374323163713,
    0.3523498041289193,
    0.3527991345950535,
    0.3517197753701891,
    0.3523605934211186,
    0.35237320916993276,
    0.3524518515382494,
    0.35218493512698584,
    0.3524886838027409,
    0.3514786056109837,
    0.35321206365312846,
    0.3518622074808393,
    0.3520378334181649,
    0.3514658689498901,
    0.3509723961353302,
    0.35326875277927944,
    0.3534302132470267,
    0.35394670367240905,
    0.35282412256513324
  ],
  "test_metrics": {
    "precision@5": 0.36214285714285716,
    "recall@5": 0.2988289275346993,
    "ndcg@5": 0.4068817757890734,
    "precision@10": 0.2635714285714286,
    "recall@10": 0.4013054607501202,
    "ndcg@10": 0.4074988591466064,
    "precision@20": 0.17196428571428574,
    "recall@20": 0.5124705079860431,
    "ndcg@20": 0.4473194191154849,
    "auc": 0.6667061383117356
  }
}