{
  "config_name": "all_features",
  "timestamp": "20250816_211920",
  "statistics": {
    "recall@5": {
      "mean": 0.30396814857706056,
      "std": 0.005659874848827899,
      "min": 0.29684682875113,
      "max": 0.310875731396104,
      "ci_lower": 0.29694048574293197,
      "ci_upper": 0.31099581141118915,
      "n": 5
    },
    "precision@20": {
      "mean": 0.18207142857142858,
      "std": 0.00279964465675228,
      "min": 0.1780357142857143,
      "max": 0.18589285714285714,
      "ci_lower": 0.17859521059337574,
      "ci_upper": 0.18554764654948142,
      "n": 5
    },
    "ndcg@20": {
      "mean": 0.46548304285776465,
      "std": 0.007229754247341372,
      "min": 0.4548040046690099,
      "max": 0.4749216241030156,
      "ci_lower": 0.4565061172929801,
      "ci_upper": 0.4744599684225492,
      "n": 5
    },
    "precision@10": {
      "mean": 0.27878571428571436,
      "std": 0.003957684336341426,
      "min": 0.27392857142857147,
      "max": 0.2839285714285714,
      "ci_lower": 0.27387160012902423,
      "ci_upper": 0.2836998284424045,
      "n": 5
    },
    "recall@10": {
      "mean": 0.43280908010364005,
      "std": 0.006987327915048418,
      "min": 0.4227516778549231,
      "max": 0.43930169071063596,
      "ci_lower": 0.42413316658788025,
      "ci_upper": 0.44148499361939986,
      "n": 5
    },
    "ndcg@5": {
      "mean": 0.410762484986289,
      "std": 0.010075186576249583,
      "min": 0.3955029631727285,
      "max": 0.42267269474286184,
      "ci_lower": 0.398252488539374,
      "ci_upper": 0.42327248143320395,
      "n": 5
    },
    "recall@20": {
      "mean": 0.5456804790067173,
      "std": 0.007212656799762083,
      "min": 0.537119739182018,
      "max": 0.5552886220431001,
      "ci_lower": 0.5367247827270532,
      "ci_upper": 0.5546361752863815,
      "n": 5
    },
    "auc": {
      "mean": 0.6995859291363795,
      "std": 0.004247130382010485,
      "min": 0.6948664055094235,
      "max": 0.7038025582349083,
      "ci_lower": 0.6943124202453597,
      "ci_upper": 0.7048594380273994,
      "n": 5
    },
    "ndcg@10": {
      "mean": 0.42430641822888226,
      "std": 0.0076937740919801895,
      "min": 0.4143687621972302,
      "max": 0.4345694248732816,
      "ci_lower": 0.41475333592855756,
      "ci_upper": 0.43385950052920697,
      "n": 5
    },
    "precision@5": {
      "mean": 0.36514285714285716,
      "std": 0.006214696209758931,
      "min": 0.3585714285714286,
      "max": 0.3728571428571429,
      "ci_lower": 0.3574262925994261,
      "ci_upper": 0.3728594216862882,
      "n": 5
    }
  },
  "runs": [
    {
      "seed": 42,
      "metrics": {
        "precision@5": 0.3585714285714286,
        "recall@5": 0.29684682875113,
        "ndcg@5": 0.3955029631727285,
        "precision@10": 0.27892857142857147,
        "recall@10": 0.4289623263886587,
        "ndcg@10": 0.4143687621972302,
        "precision@20": 0.1826785714285714,
        "recall@20": 0.537119739182018,
        "ndcg@20": 0.4548040046690099,
        "auc": 0.6948664055094235
      },
      "training_time": 2911.3691091537476,
      "final_loss": 0.3586094728537968,
      "best_val_loss": 0.4857603535056114
    },
    {
      "seed": 123,
      "metrics": {
        "precision@5": 0.3728571428571429,
        "recall@5": 0.310875731396104,
        "ndcg@5": 0.41271935010849153,
        "precision@10": 0.2839285714285714,
        "recall@10": 0.4387196948003836,
        "ndcg@10": 0.42534540447223085,
        "precision@20": 0.18589285714285714,
        "recall@20": 0.5552886220431001,
        "ndcg@20": 0.46743418914343604,
        "auc": 0.7024741159195276
      },
      "training_time": 3741.1886360645294,
      "final_loss": 0.3586391457489559,
      "best_val_loss": 0.48075201734900475
    },
    {
      "seed": 456,
      "metrics": {
        "precision@5": 0.36928571428571433,
        "recall@5": 0.30848324460442994,
        "ndcg@5": 0.42267269474286184,
        "precision@10": 0.2810714285714286,
        "recall@10": 0.43930169071063596,
        "ndcg@10": 0.4345694248732816,
        "precision@20": 0.18196428571428572,
        "recall@20": 0.5505168942960573,
        "ndcg@20": 0.4749216241030156,
        "auc": 0.7038025582349083
      },
      "training_time": 3045.3354930877686,
      "final_loss": 0.35900025623185294,
      "best_val_loss": 0.48024796321988106
    },
    {
      "seed": 789,
      "metrics": {
        "precision@5": 0.35928571428571426,
        "recall@5": 0.30162786434043626,
        "ndcg@5": 0.40781641107281885,
        "precision@10": 0.27392857142857147,
        "recall@10": 0.4227516778549231,
        "ndcg@10": 0.4197076105281309,
        "precision@20": 0.1817857142857143,
        "recall@20": 0.5436836677837618,
        "ndcg@20": 0.4641557923658596,
        "auc": 0.701626869968006
      },
      "training_time": 2084.2494690418243,
      "final_loss": 0.35810965129307337,
      "best_val_loss": 0.482663881033659
    },
    {
      "seed": 999,
      "metrics": {
        "precision@5": 0.3657142857142857,
        "recall@5": 0.30200707379320263,
        "ndcg@5": 0.4151010058345442,
        "precision@10": 0.27607142857142863,
        "recall@10": 0.43431001076359876,
        "ndcg@10": 0.4275408890735381,
        "precision@20": 0.1780357142857143,
        "recall@20": 0.5417934717286498,
        "ndcg@20": 0.46609960400750217,
        "auc": 0.6951596960500319
      },
      "training_time": 1296.5624339580536,
      "final_loss": 0.35956509453909735,
      "best_val_loss": 0.4832886718213558
    }
  ]
}