{
  "config_name": "baseline",
  "timestamp": "20250816_211920",
  "statistics": {
    "recall@5": {
      "mean": 0.3842555087732553,
      "std": 0.008447762749619683,
      "min": 0.37541766450476644,
      "max": 0.3950169359548506,
      "ci_lower": 0.3737662259016857,
      "ci_upper": 0.39474479164482495,
      "n": 5
    },
    "precision@20": {
      "mean": 0.21960714285714283,
      "std": 0.0014583940706496634,
      "min": 0.21785714285714286,
      "max": 0.22125,
      "ci_lower": 0.2177963074444233,
      "ci_upper": 0.22141797826986237,
      "n": 5
    },
    "ndcg@20": {
      "mean": 0.5621194397433562,
      "std": 0.01032522773069204,
      "min": 0.5473207851038909,
      "max": 0.5733254520520948,
      "ci_lower": 0.5492989761969007,
      "ci_upper": 0.5749399032898117,
      "n": 5
    },
    "precision@10": {
      "mean": 0.34957142857142853,
      "std": 0.0033062248031523315,
      "min": 0.34464285714285714,
      "max": 0.3528571428571429,
      "ci_lower": 0.3454662082633859,
      "ci_upper": 0.35367664887947114,
      "n": 5
    },
    "recall@10": {
      "mean": 0.5454159757449784,
      "std": 0.0063969287388243685,
      "min": 0.5389250286821881,
      "max": 0.5538408466226633,
      "ci_lower": 0.5374731396309052,
      "ci_upper": 0.5533588118590516,
      "n": 5
    },
    "ndcg@5": {
      "mean": 0.4928029499610395,
      "std": 0.014049435605749427,
      "min": 0.47404519820424035,
      "max": 0.5118999595359116,
      "ci_lower": 0.47535827157429833,
      "ci_upper": 0.5102476283477807,
      "n": 5
    },
    "recall@20": {
      "mean": 0.6553372218320527,
      "std": 0.005049884238172706,
      "min": 0.6481988946204172,
      "max": 0.6622540408630634,
      "ci_lower": 0.649066962378417,
      "ci_upper": 0.6616074812856884,
      "n": 5
    },
    "auc": {
      "mean": 0.7722473769469099,
      "std": 0.0029128903449844677,
      "min": 0.7687117190980542,
      "max": 0.7764067616865806,
      "ci_lower": 0.7686305458748274,
      "ci_upper": 0.7758642080189925,
      "n": 5
    },
    "ndcg@10": {
      "mean": 0.5229015620920618,
      "std": 0.01057633134421436,
      "min": 0.5109465339230679,
      "max": 0.5364407086093915,
      "ci_lower": 0.5097693122288768,
      "ci_upper": 0.5360338119552469,
      "n": 5
    },
    "precision@5": {
      "mean": 0.44457142857142856,
      "std": 0.008215838362577499,
      "min": 0.43714285714285717,
      "max": 0.4578571428571429,
      "ci_lower": 0.4343701178615547,
      "ci_upper": 0.4547727392813024,
      "n": 5
    }
  },
  "runs": [
    {
      "seed": 42,
      "metrics": {
        "precision@5": 0.43714285714285717,
        "recall@5": 0.37541766450476644,
        "ndcg@5": 0.47404519820424035,
        "precision@10": 0.3514285714285714,
        "recall@10": 0.5441379936068403,
        "ndcg@10": 0.5109465339230679,
        "precision@20": 0.21785714285714286,
        "recall@20": 0.6481988946204172,
        "ndcg@20": 0.5473207851038909,
        "auc": 0.7687117190980542
      },
      "training_time": 715.7077560424805,
      "final_loss": 0.35555695465632847,
      "best_val_loss": 0.44398799911141396
    },
    {
      "seed": 123,
      "metrics": {
        "precision@5": 0.4435714285714286,
        "recall@5": 0.3852350278536148,
        "ndcg@5": 0.48657630324547957,
        "precision@10": 0.34785714285714286,
        "recall@10": 0.5401522386036981,
        "ndcg@10": 0.5151314718080732,
        "precision@20": 0.2207142857142857,
        "recall@20": 0.6562694680528327,
        "ndcg@20": 0.5572723896371244,
        "auc": 0.7726775294168208
      },
      "training_time": 665.2366580963135,
      "final_loss": 0.35561654227120537,
      "best_val_loss": 0.4469817392528057
    },
    {
      "seed": 456,
      "metrics": {
        "precision@5": 0.4385714285714286,
        "recall@5": 0.37623244663464694,
        "ndcg@5": 0.49284012291902984,
        "precision@10": 0.34464285714285714,
        "recall@10": 0.5389250286821881,
        "ndcg@10": 0.5214285583284279,
        "precision@20": 0.21839285714285717,
        "recall@20": 0.6539606855654788,
        "ndcg@20": 0.5629659848476974,
        "auc": 0.7704169801690591
      },
      "training_time": 1830.641884803772,
      "final_loss": 0.35617951580456325,
      "best_val_loss": 0.4434582032263279
    },
    {
      "seed": 789,
      "metrics": {
        "precision@5": 0.44571428571428573,
        "recall@5": 0.3893754689183979,
        "ndcg@5": 0.4986531659005362,
        "precision@10": 0.35107142857142853,
        "recall@10": 0.5538408466226633,
        "ndcg@10": 0.5305605377913489,
        "precision@20": 0.22125,
        "recall@20": 0.6622540408630634,
        "ndcg@20": 0.5697125870759735,
        "auc": 0.7764067616865806
      },
      "training_time": 1730.8814868927002,
      "final_loss": 0.3552511487688337,
      "best_val_loss": 0.44190024212002754
    },
    {
      "seed": 999,
      "metrics": {
        "precision@5": 0.4578571428571429,
        "recall@5": 0.3950169359548506,
        "ndcg@5": 0.5118999595359116,
        "precision@10": 0.3528571428571429,
        "recall@10": 0.5500237712095021,
        "ndcg@10": 0.5364407086093915,
        "precision@20": 0.21982142857142856,
        "recall@20": 0.6560030200584711,
        "ndcg@20": 0.5733254520520948,
        "auc": 0.7730238943640344
      },
      "training_time": 854.2137241363525,
      "final_loss": 0.35690172740391324,
      "best_val_loss": 0.44323964416980743
    }
  ]
}