{
  "config_name": "full_graph",
  "timestamp": "20250816_211920",
  "statistics": {
    "recall@5": {
      "mean": 0.23370360403700188,
      "std": 0.006704586790836579,
      "min": 0.22580346735062568,
      "max": 0.24255102847788607,
      "ci_lower": 0.22537875999598758,
      "ci_upper": 0.24202844807801618,
      "n": 5
    },
    "precision@20": {
      "mean": 0.15300000000000002,
      "std": 0.0009731733281027773,
      "min": 0.15178571428571427,
      "max": 0.1542857142857143,
      "ci_lower": 0.15179164571448267,
      "ci_upper": 0.15420835428551738,
      "n": 5
    },
    "ndcg@20": {
      "mean": 0.37909951273144776,
      "std": 0.0047790134918223376,
      "min": 0.37174137172467464,
      "max": 0.3838778858386779,
      "ci_lower": 0.3731655837317219,
      "ci_upper": 0.38503344173117365,
      "n": 5
    },
    "precision@10": {
      "mean": 0.22714285714285715,
      "std": 0.002004459314343181,
      "min": 0.22428571428571428,
      "max": 0.2292857142857143,
      "ci_lower": 0.22465399217637302,
      "ci_upper": 0.22963172210934127,
      "n": 5
    },
    "recall@10": {
      "mean": 0.3416236629144358,
      "std": 0.005185961057945289,
      "min": 0.33644910991632576,
      "max": 0.34872813582248013,
      "ci_lower": 0.3351844417726984,
      "ci_upper": 0.3480628840561732,
      "n": 5
    },
    "ndcg@5": {
      "mean": 0.33056601454535117,
      "std": 0.006810317624556218,
      "min": 0.3233754826855935,
      "max": 0.3376397136487214,
      "ci_lower": 0.32210988833460713,
      "ci_upper": 0.3390221407560952,
      "n": 5
    },
    "recall@20": {
      "mean": 0.4511732832962654,
      "std": 0.004823671659553571,
      "min": 0.4429445597862504,
      "max": 0.4551602256962164,
      "ci_lower": 0.4451839038574419,
      "ci_upper": 0.4571626627350889,
      "n": 5
    },
    "auc": {
      "mean": 0.6206081492055661,
      "std": 0.004422507541611211,
      "min": 0.6164700278197466,
      "max": 0.626436643036071,
      "ci_lower": 0.6151168808093628,
      "ci_upper": 0.6260994176017693,
      "n": 5
    },
    "ndcg@10": {
      "mean": 0.33901733510107707,
      "std": 0.0053503777851816575,
      "min": 0.3329819945497249,
      "max": 0.3461234870423496,
      "ci_lower": 0.3323739636284278,
      "ci_upper": 0.34566070657372633,
      "n": 5
    },
    "precision@5": {
      "mean": 0.2947142857142857,
      "std": 0.004780914437337543,
      "min": 0.2892857142857143,
      "max": 0.30071428571428566,
      "ci_lower": 0.2887779963789511,
      "ci_upper": 0.30065057504962034,
      "n": 5
    }
  },
  "runs": [
    {
      "seed": 42,
      "metrics": {
        "precision@5": 0.29500000000000004,
        "recall@5": 0.23364967059391537,
        "ndcg@5": 0.32402430573873203,
        "precision@10": 0.2292857142857143,
        "recall@10": 0.3365769272222445,
        "ndcg@10": 0.3329819945497249,
        "precision@20": 0.15339285714285716,
        "recall@20": 0.4429445597862504,
        "ndcg@20": 0.37174137172467464,
        "auc": 0.6177826869267118
      },
      "training_time": 1506.383228778839,
      "final_loss": 0.35293219430106026,
      "best_val_loss": 0.47165974602103233
    },
    {
      "seed": 123,
      "metrics": {
        "precision@5": 0.2892857142857143,
        "recall@5": 0.22580346735062568,
        "ndcg@5": 0.3233754826855935,
        "precision@10": 0.22857142857142856,
        "recall@10": 0.33644910991632576,
        "ndcg@10": 0.3344034369784656,
        "precision@20": 0.1542857142857143,
        "recall@20": 0.4551602256962164,
        "ndcg@20": 0.3771861550467591,
        "auc": 0.6181333717094786
      },
      "training_time": 1001.545948266983,
      "final_loss": 0.35266796691077096,
      "best_val_loss": 0.4738369472324848
    },
    {
      "seed": 456,
      "metrics": {
        "precision@5": 0.29071428571428576,
        "recall@5": 0.2288572162394586,
        "ndcg@5": 0.3308278193389085,
        "precision@10": 0.2260714285714286,
        "recall@10": 0.34316752966368735,
        "ndcg@10": 0.3406923095544875,
        "precision@20": 0.15232142857142858,
        "recall@20": 0.45326966294430915,
        "ndcg@20": 0.3807867166024636,
        "auc": 0.6242180165358223
      },
      "training_time": 1394.8270728588104,
      "final_loss": 0.353807087455477,
      "best_val_loss": 0.47200244292616844
    },
    {
      "seed": 789,
      "metrics": {
        "precision@5": 0.30071428571428566,
        "recall@5": 0.24255102847788607,
        "ndcg@5": 0.3369627513148005,
        "precision@10": 0.22428571428571428,
        "recall@10": 0.3431966119474412,
        "ndcg@10": 0.3408854473803577,
        "precision@20": 0.15321428571428575,
        "recall@20": 0.45342230274823714,
        "ndcg@20": 0.3819054344446635,
        "auc": 0.626436643036071
      },
      "training_time": 2008.5536651611328,
      "final_loss": 0.35266186254365106,
      "best_val_loss": 0.4689537361264229
    },
    {
      "seed": 999,
      "metrics": {
        "precision@5": 0.2978571428571429,
        "recall@5": 0.2376566375231236,
        "ndcg@5": 0.3376397136487214,
        "precision@10": 0.2275,
        "recall@10": 0.34872813582248013,
        "ndcg@10": 0.3461234870423496,
        "precision@20": 0.15178571428571427,
        "recall@20": 0.45106966530631387,
        "ndcg@20": 0.3838778858386779,
        "auc": 0.6164700278197466
      },
      "training_time": 1552.5339698791504,
      "final_loss": 0.3538136797291892,
      "best_val_loss": 0.47144874557852745
    }
  ]
}