{
  "config_name": "playlist_features",
  "timestamp": "20250816_211920",
  "statistics": {
    "recall@5": {
      "mean": 0.39597275977622065,
      "std": 0.00737732787220042,
      "min": 0.3843823753891202,
      "max": 0.40474842470419653,
      "ci_lower": 0.3868125973543642,
      "ci_upper": 0.4051329221980771,
      "n": 5
    },
    "precision@20": {
      "mean": 0.22585714285714284,
      "std": 0.0010519054625016508,
      "min": 0.22410714285714287,
      "max": 0.22678571428571428,
      "ci_lower": 0.22455102971484064,
      "ci_upper": 0.22716325599944504,
      "n": 5
    },
    "ndcg@20": {
      "mean": 0.5809432784581132,
      "std": 0.009374172433992238,
      "min": 0.5677070652424068,
      "max": 0.5904602532307405,
      "ci_lower": 0.5693037060338709,
      "ci_upper": 0.5925828508823555,
      "n": 5
    },
    "precision@10": {
      "mean": 0.3555714285714286,
      "std": 0.003458942860800969,
      "min": 0.3503571428571428,
      "max": 0.3596428571428572,
      "ci_lower": 0.3512765837493281,
      "ci_upper": 0.3598662733935291,
      "n": 5
    },
    "recall@10": {
      "mean": 0.5580196310182766,
      "std": 0.005566374717728798,
      "min": 0.5517475876990472,
      "max": 0.5637790469978937,
      "ci_lower": 0.5511080639307611,
      "ci_upper": 0.5649311981057921,
      "n": 5
    },
    "ndcg@5": {
      "mean": 0.5080808525484698,
      "std": 0.015149367839014348,
      "min": 0.48580322542028975,
      "max": 0.5260524157944797,
      "ci_lower": 0.4892704279072197,
      "ci_upper": 0.52689127718972,
      "n": 5
    },
    "recall@20": {
      "mean": 0.6783005396337163,
      "std": 0.004188163197897967,
      "min": 0.6721316681960479,
      "max": 0.6836223649992447,
      "ci_lower": 0.6731002481722844,
      "ci_upper": 0.6835008310951481,
      "n": 5
    },
    "auc": {
      "mean": 0.8005204588696196,
      "std": 0.003289138053733136,
      "min": 0.7961128411779187,
      "max": 0.8050885039046829,
      "ci_lower": 0.7964364545631772,
      "ci_upper": 0.804604463176062,
      "n": 5
    },
    "ndcg@10": {
      "mean": 0.5374642056603425,
      "std": 0.009982992330431317,
      "min": 0.5265388614430409,
      "max": 0.5501513082044897,
      "ci_lower": 0.5250686834893016,
      "ci_upper": 0.5498597278313834,
      "n": 5
    },
    "precision@5": {
      "mean": 0.4551428571428572,
      "std": 0.007132134809352359,
      "min": 0.44571428571428573,
      "max": 0.46571428571428575,
      "ci_lower": 0.44628714211974846,
      "ci_upper": 0.4639985721659659,
      "n": 5
    }
  },
  "runs": [
    {
      "seed": 42,
      "metrics": {
        "precision@5": 0.44571428571428573,
        "recall@5": 0.3843823753891202,
        "ndcg@5": 0.48580322542028975,
        "precision@10": 0.3596428571428572,
        "recall@10": 0.5637790469978937,
        "ndcg@10": 0.5265388614430409,
        "precision@20": 0.22642857142857145,
        "recall@20": 0.6772316376710174,
        "ndcg@20": 0.5677070652424068,
        "auc": 0.7961128411779187
      },
      "training_time": 1727.8880372047424,
      "final_loss": 0.35778424314090185,
      "best_val_loss": 0.4308090917766094
    },
    {
      "seed": 123,
      "metrics": {
        "precision@5": 0.4557142857142857,
        "recall@5": 0.3972222618497773,
        "ndcg@5": 0.5033356375965775,
        "precision@10": 0.35500000000000004,
        "recall@10": 0.5517475876990472,
        "ndcg@10": 0.5314227192075295,
        "precision@20": 0.22678571428571428,
        "recall@20": 0.6786228785312431,
        "ndcg@20": 0.576781877542716,
        "auc": 0.8014718367977937
      },
      "training_time": 885.0954759120941,
      "final_loss": 0.35844006964138575,
      "best_val_loss": 0.43033137544989586
    },
    {
      "seed": 456,
      "metrics": {
        "precision@5": 0.455,
        "recall@5": 0.3954203866708013,
        "ndcg@5": 0.5168055239083336,
        "precision@10": 0.35535714285714287,
        "recall@10": 0.5599145451181332,
        "ndcg@10": 0.5456313921499909,
        "precision@20": 0.22624999999999998,
        "recall@20": 0.6836223649992447,
        "ndcg@20": 0.5904602532307405,
        "auc": 0.8050885039046829
      },
      "training_time": 1957.9841032028198,
      "final_loss": 0.3586518381323133,
      "best_val_loss": 0.4402460679411888
    },
    {
      "seed": 789,
      "metrics": {
        "precision@5": 0.45357142857142857,
        "recall@5": 0.39809035026720785,
        "ndcg@5": 0.5084074600226683,
        "precision@10": 0.3503571428571428,
        "recall@10": 0.5524868633043943,
        "ndcg@10": 0.5335767472966617,
        "precision@20": 0.2257142857142857,
        "recall@20": 0.6798941487710284,
        "ndcg@20": 0.5805615158702858,
        "auc": 0.7991112063805159
      },
      "training_time": 1329.2925810813904,
      "final_loss": 0.35766584362302506,
      "best_val_loss": 0.4340549111366272
    },
    {
      "seed": 999,
      "metrics": {
        "precision@5": 0.46571428571428575,
        "recall@5": 0.40474842470419653,
        "ndcg@5": 0.5260524157944797,
        "precision@10": 0.35750000000000004,
        "recall@10": 0.5621701119719142,
        "ndcg@10": 0.5501513082044897,
        "precision@20": 0.22410714285714287,
        "recall@20": 0.6721316681960479,
        "ndcg@20": 0.5892056804044168,
        "auc": 0.8008179060871872
      },
      "training_time": 1731.2520439624786,
      "final_loss": 0.35942150609833856,
      "best_val_loss": 0.4374644197523594
    }
  ]
}