{
  "config_name": "track_features",
  "timestamp": "20250816_211920",
  "statistics": {
    "recall@5": {
      "mean": 0.3199523518737638,
      "std": 0.006300628675790898,
      "min": 0.3131350659973227,
      "max": 0.3260989884544174,
      "ci_lower": 0.312129088080984,
      "ci_upper": 0.3277756156665436,
      "n": 5
    },
    "precision@20": {
      "mean": 0.18564285714285714,
      "std": 0.0015444105936028459,
      "min": 0.1832142857142857,
      "max": 0.18714285714285717,
      "ci_lower": 0.18372521811033599,
      "ci_upper": 0.1875604961753783,
      "n": 5
    },
    "ndcg@20": {
      "mean": 0.4801142350668364,
      "std": 0.0074393492530352755,
      "min": 0.46958193101432805,
      "max": 0.4891823516508546,
      "ci_lower": 0.47087706292927844,
      "ci_upper": 0.4893514072043944,
      "n": 5
    },
    "precision@10": {
      "mean": 0.28900000000000003,
      "std": 0.003247840726968473,
      "min": 0.28500000000000003,
      "max": 0.29285714285714287,
      "ci_lower": 0.2849672730974233,
      "ci_upper": 0.29303272690257676,
      "n": 5
    },
    "recall@10": {
      "mean": 0.44595507788135497,
      "std": 0.006327070093339389,
      "min": 0.4369041510604978,
      "max": 0.45213875444055673,
      "ci_lower": 0.4380989827323437,
      "ci_upper": 0.4538111730303662,
      "n": 5
    },
    "ndcg@5": {
      "mean": 0.42985914542133735,
      "std": 0.010857229422985663,
      "min": 0.4120776827524777,
      "max": 0.4397515207829679,
      "ci_lower": 0.4163781145265774,
      "ci_upper": 0.4433401763160973,
      "n": 5
    },
    "recall@20": {
      "mean": 0.5540119259211476,
      "std": 0.006302272502904865,
      "min": 0.5465797961467743,
      "max": 0.5614974958208041,
      "ci_lower": 0.5461866210474211,
      "ci_upper": 0.561837230794874,
      "n": 5
    },
    "auc": {
      "mean": 0.7048867108584633,
      "std": 0.0030595401610373127,
      "min": 0.6995263923153457,
      "max": 0.7071168042541789,
      "ci_lower": 0.7010877899894448,
      "ci_upper": 0.7086856317274819,
      "n": 5
    },
    "ndcg@10": {
      "mean": 0.4417612395505797,
      "std": 0.009005047138744445,
      "min": 0.42724994040944836,
      "max": 0.4511790269565181,
      "ci_lower": 0.4305799967162729,
      "ci_upper": 0.45294248238488655,
      "n": 5
    },
    "precision@5": {
      "mean": 0.38114285714285717,
      "std": 0.006616306386805368,
      "min": 0.3707142857142858,
      "max": 0.38785714285714284,
      "ci_lower": 0.3729276277012753,
      "ci_upper": 0.38935808658443904,
      "n": 5
    }
  },
  "runs": [
    {
      "seed": 42,
      "metrics": {
        "precision@5": 0.3707142857142858,
        "recall@5": 0.3133308159940458,
        "ndcg@5": 0.4120776827524777,
        "precision@10": 0.28500000000000003,
        "recall@10": 0.4369041510604978,
        "ndcg@10": 0.42724994040944836,
        "precision@20": 0.18678571428571428,
        "recall@20": 0.5523349951562025,
        "ndcg@20": 0.46958193101432805,
        "auc": 0.7062413088606623
      },
      "training_time": 1663.6473360061646,
      "final_loss": 0.3580848182950701,
      "best_val_loss": 0.5476744398474693
    },
    {
      "seed": 123,
      "metrics": {
        "precision@5": 0.3828571428571429,
        "recall@5": 0.3221662365258948,
        "ndcg@5": 0.4293621211186185,
        "precision@10": 0.28964285714285715,
        "recall@10": 0.4438605658341119,
        "ndcg@10": 0.44018673272452996,
        "precision@20": 0.18535714285714286,
        "recall@20": 0.5465797961467743,
        "ndcg@20": 0.4764828660910193,
        "auc": 0.7061779168725805
      },
      "training_time": 2045.804198026657,
      "final_loss": 0.3580905897276742,
      "best_val_loss": 0.5353572219610214
    },
    {
      "seed": 456,
      "metrics": {
        "precision@5": 0.3792857142857142,
        "recall@5": 0.3131350659973227,
        "ndcg@5": 0.4307304734447802,
        "precision@10": 0.29285714285714287,
        "recall@10": 0.45213875444055673,
        "ndcg@10": 0.4455315205271483,
        "precision@20": 0.18714285714285717,
        "recall@20": 0.5594859822226033,
        "ndcg@20": 0.4836735254791361,
        "auc": 0.7053711319895496
      },
      "training_time": 3001.9427421092987,
      "final_loss": 0.35882135629653933,
      "best_val_loss": 0.5269232392311096
    },
    {
      "seed": 789,
      "metrics": {
        "precision@5": 0.38500000000000006,
        "recall@5": 0.3260989884544174,
        "ndcg@5": 0.4397515207829679,
        "precision@10": 0.2910714285714286,
        "recall@10": 0.4518472350754803,
        "ndcg@10": 0.4511790269565181,
        "precision@20": 0.18571428571428572,
        "recall@20": 0.5614974958208041,
        "ndcg@20": 0.4891823516508546,
        "auc": 0.7071168042541789
      },
      "training_time": 1398.0585958957672,
      "final_loss": 0.35744036521230427,
      "best_val_loss": 0.5374952480196953
    },
    {
      "seed": 999,
      "metrics": {
        "precision@5": 0.38785714285714284,
        "recall@5": 0.32503065239713846,
        "ndcg@5": 0.4373739290078425,
        "precision@10": 0.2864285714285714,
        "recall@10": 0.44502468299612813,
        "ndcg@10": 0.44465897713525404,
        "precision@20": 0.1832142857142857,
        "recall@20": 0.5501613602593535,
        "ndcg@20": 0.48165050109884405,
        "auc": 0.6995263923153457
      },
      "training_time": 2075.938277244568,
      "final_loss": 0.3588892570563725,
      "best_val_loss": 0.5375830605626106
    }
  ]
}