{
  "config_name": "user_features",
  "timestamp": "20250816_211920",
  "statistics": {
    "recall@5": {
      "mean": 0.3861950038020361,
      "std": 0.007516372630488711,
      "min": 0.37996579990111606,
      "max": 0.39773980336521797,
      "ci_lower": 0.3768621945096741,
      "ci_upper": 0.39552781309439805,
      "n": 5
    },
    "precision@20": {
      "mean": 0.2197857142857143,
      "std": 0.0016288220358559057,
      "min": 0.21696428571428572,
      "max": 0.22089285714285714,
      "ci_lower": 0.21776326460431106,
      "ci_upper": 0.22180816396711756,
      "n": 5
    },
    "ndcg@20": {
      "mean": 0.5614835882960894,
      "std": 0.011118693628496025,
      "min": 0.5500845410060387,
      "max": 0.5782697586601895,
      "ci_lower": 0.5476779067105282,
      "ci_upper": 0.5752892698816505,
      "n": 5
    },
    "precision@10": {
      "mean": 0.34864285714285714,
      "std": 0.0026654440224350728,
      "min": 0.3460714285714286,
      "max": 0.3528571428571429,
      "ci_lower": 0.3453332712609721,
      "ci_upper": 0.3519524430247422,
      "n": 5
    },
    "recall@10": {
      "mean": 0.5428529167801337,
      "std": 0.004549663030690732,
      "min": 0.5375499834027587,
      "max": 0.5481782258818139,
      "ci_lower": 0.5372037639909664,
      "ci_upper": 0.548502069569301,
      "n": 5
    },
    "ndcg@5": {
      "mean": 0.49247140862009264,
      "std": 0.014387632335912557,
      "min": 0.4762233880795792,
      "max": 0.5136390609295984,
      "ci_lower": 0.47460680352919765,
      "ci_upper": 0.5103360137109876,
      "n": 5
    },
    "recall@20": {
      "mean": 0.6557093378113115,
      "std": 0.004035983372782784,
      "min": 0.6509974285843646,
      "max": 0.6611621367354449,
      "ci_lower": 0.6506980025599781,
      "ci_upper": 0.6607206730626448,
      "n": 5
    },
    "auc": {
      "mean": 0.7716486018749062,
      "std": 0.003426142996193964,
      "min": 0.7683309134068845,
      "max": 0.7758721181147274,
      "ci_lower": 0.7673944834638342,
      "ci_upper": 0.7759027202859783,
      "n": 5
    },
    "ndcg@10": {
      "mean": 0.5210498973457511,
      "std": 0.011857877727382194,
      "min": 0.5082567717482774,
      "max": 0.5387715551582944,
      "ci_lower": 0.5063263974765584,
      "ci_upper": 0.5357733972149439,
      "n": 5
    },
    "precision@5": {
      "mean": 0.4442857142857143,
      "std": 0.006624013211068369,
      "min": 0.4392857142857143,
      "max": 0.4542857142857143,
      "ci_lower": 0.43606091555790455,
      "ci_upper": 0.452510513013524,
      "n": 5
    }
  },
  "runs": [
    {
      "seed": 42,
      "metrics": {
        "precision@5": 0.4392857142857143,
        "recall@5": 0.37996579990111606,
        "ndcg@5": 0.4762233880795792,
        "precision@10": 0.3492857142857143,
        "recall@10": 0.5375499834027587,
        "ndcg@10": 0.5082567717482774,
        "precision@20": 0.22,
        "recall@20": 0.6540504735969961,
        "ndcg@20": 0.5500845410060387,
        "auc": 0.7692104818729619
      },
      "training_time": 1951.0900611877441,
      "final_loss": 0.3553580173424312,
      "best_val_loss": 0.4435178339481354
    },
    {
      "seed": 123,
      "metrics": {
        "precision@5": 0.4407142857142857,
        "recall@5": 0.38171333129620394,
        "ndcg@5": 0.4829563692096757,
        "precision@10": 0.34678571428571425,
        "recall@10": 0.5389788584124608,
        "ndcg@10": 0.5123914394814544,
        "precision@20": 0.2201785714285714,
        "recall@20": 0.6539268553084342,
        "ndcg@20": 0.5540306184175238,
        "auc": 0.7683309134068845
      },
      "training_time": 2418.4893941879272,
      "final_loss": 0.3555403172969818,
      "best_val_loss": 0.4469240829348564
    },
    {
      "seed": 456,
      "metrics": {
        "precision@5": 0.4392857142857143,
        "recall@5": 0.38168750744685065,
        "ndcg@5": 0.492043922495563,
        "precision@10": 0.3460714285714286,
        "recall@10": 0.5461736877612045,
        "ndcg@10": 0.5217335953079418,
        "precision@20": 0.21696428571428572,
        "recall@20": 0.6509974285843646,
        "ndcg@20": 0.5589734215299101,
        "auc": 0.7700705756158308
      },
      "training_time": 1754.2979969978333,
      "final_loss": 0.35604065912110466,
      "best_val_loss": 0.44291481375694275
    },
    {
      "seed": 789,
      "metrics": {
        "precision@5": 0.4478571428571429,
        "recall@5": 0.3898685770007917,
        "ndcg@5": 0.4974943023860468,
        "precision@10": 0.3482142857142857,
        "recall@10": 0.5433838284424308,
        "ndcg@10": 0.5240961250327875,
        "precision@20": 0.22089285714285714,
        "recall@20": 0.6584097948313173,
        "ndcg@20": 0.566059601866785,
        "auc": 0.7758721181147274
      },
      "training_time": 1912.2709302902222,
      "final_loss": 0.35525871685573035,
      "best_val_loss": 0.4431418776512146
    },
    {
      "seed": 999,
      "metrics": {
        "precision@5": 0.4542857142857143,
        "recall@5": 0.39773980336521797,
        "ndcg@5": 0.5136390609295984,
        "precision@10": 0.3528571428571429,
        "recall@10": 0.5481782258818139,
        "ndcg@10": 0.5387715551582944,
        "precision@20": 0.22089285714285714,
        "recall@20": 0.6611621367354449,
        "ndcg@20": 0.5782697586601895,
        "auc": 0.7747589203641265
      },
      "training_time": 1671.5524852275848,
      "final_loss": 0.3567934206553868,
      "best_val_loss": 0.44373488426208496
    }
  ]
}