{
  "config_name": "with_users",
  "timestamp": "20250816_211920",
  "statistics": {
    "recall@5": {
      "mean": 0.372351924262528,
      "std": 0.008599364404975034,
      "min": 0.3621067492295655,
      "max": 0.38132149944691407,
      "ci_lower": 0.36167440307343557,
      "ci_upper": 0.38302944545162043,
      "n": 5
    },
    "precision@20": {
      "mean": 0.2161071428571429,
      "std": 0.0017100020885534527,
      "min": 0.21410714285714283,
      "max": 0.21785714285714286,
      "ci_lower": 0.2139838948269328,
      "ci_upper": 0.21823039088735297,
      "n": 5
    },
    "ndcg@20": {
      "mean": 0.5501978236405953,
      "std": 0.009737452860715113,
      "min": 0.5367691653702947,
      "max": 0.5610474671391376,
      "ci_lower": 0.5381071789892391,
      "ci_upper": 0.5622884682919516,
      "n": 5
    },
    "precision@10": {
      "mean": 0.34185714285714286,
      "std": 0.0034478623960420506,
      "min": 0.3360714285714286,
      "max": 0.34535714285714286,
      "ci_lower": 0.3375760562492169,
      "ci_upper": 0.34613822946506884,
      "n": 5
    },
    "recall@10": {
      "mean": 0.5309284692039005,
      "std": 0.005881225617632343,
      "min": 0.5241053245767697,
      "max": 0.536971733592836,
      "ci_lower": 0.5236259630891726,
      "ci_upper": 0.5382309753186283,
      "n": 5
    },
    "ndcg@5": {
      "mean": 0.4800549995661393,
      "std": 0.01373341612883529,
      "min": 0.46214851245401606,
      "max": 0.4970975947812317,
      "ci_lower": 0.46300271118661357,
      "ci_upper": 0.497107287945665,
      "n": 5
    },
    "recall@20": {
      "mean": 0.6450068884749336,
      "std": 0.004975742031783857,
      "min": 0.6368527407742633,
      "max": 0.6487501092787746,
      "ci_lower": 0.6388286887297183,
      "ci_upper": 0.6511850882201489,
      "n": 5
    },
    "auc": {
      "mean": 0.7624545591659148,
      "std": 0.003320108470562089,
      "min": 0.7583719192152919,
      "max": 0.767136318888996,
      "ci_lower": 0.7583321000078864,
      "ci_upper": 0.7665770183239431,
      "n": 5
    },
    "ndcg@10": {
      "mean": 0.5093325144296444,
      "std": 0.010158541941434092,
      "min": 0.4978115487881696,
      "max": 0.5224000394536638,
      "ci_lower": 0.49671901862672274,
      "ci_upper": 0.5219460102325661,
      "n": 5
    },
    "precision@5": {
      "mean": 0.43400000000000005,
      "std": 0.00878600464096283,
      "min": 0.4242857142857143,
      "max": 0.44642857142857145,
      "ci_lower": 0.4230907343492653,
      "ci_upper": 0.4449092656507348,
      "n": 5
    }
  },
  "runs": [
    {
      "seed": 42,
      "metrics": {
        "precision@5": 0.4242857142857143,
        "recall@5": 0.3621067492295655,
        "ndcg@5": 0.46214851245401606,
        "precision@10": 0.34285714285714286,
        "recall@10": 0.526400245244092,
        "ndcg@10": 0.4978115487881696,
        "precision@20": 0.21410714285714283,
        "recall@20": 0.6368527407742633,
        "ndcg@20": 0.5367691653702947,
        "auc": 0.7583719192152919
      },
      "training_time": 1214.9025349617004,
      "final_loss": 0.3552667268684932,
      "best_val_loss": 0.4447302483022213
    },
    {
      "seed": 123,
      "metrics": {
        "precision@5": 0.4328571428571429,
        "recall@5": 0.37087667291490267,
        "ndcg@5": 0.4730568212717886,
        "precision@10": 0.3425,
        "recall@10": 0.5303664589072042,
        "ndcg@10": 0.5038513479681336,
        "precision@20": 0.21785714285714286,
        "recall@20": 0.648285700827994,
        "ndcg@20": 0.5463655402949847,
        "auc": 0.7628793904782171
      },
      "training_time": 1278.9620940685272,
      "final_loss": 0.355328688451222,
      "best_val_loss": 0.4472669027745724
    },
    {
      "seed": 456,
      "metrics": {
        "precision@5": 0.4278571428571429,
        "recall@5": 0.3665017210110642,
        "ndcg@5": 0.4783533635094254,
        "precision@10": 0.3360714285714286,
        "recall@10": 0.5241053245767697,
        "ndcg@10": 0.5053203829738138,
        "precision@20": 0.21464285714285716,
        "recall@20": 0.6436836659581021,
        "ndcg@20": 0.5486081855099297,
        "auc": 0.7603932388590935
      },
      "training_time": 1712.5679607391357,
      "final_loss": 0.35588526810918536,
      "best_val_loss": 0.4441828913986683
    },
    {
      "seed": 789,
      "metrics": {
        "precision@5": 0.4385714285714286,
        "recall@5": 0.38095297871019346,
        "ndcg@5": 0.48961870581423456,
        "precision@10": 0.3425,
        "recall@10": 0.536971733592836,
        "ndcg@10": 0.5172792529644415,
        "precision@20": 0.21767857142857144,
        "recall@20": 0.6487501092787746,
        "ndcg@20": 0.5581987598886299,
        "auc": 0.767136318888996
      },
      "training_time": 971.0591759681702,
      "final_loss": 0.35497611165046694,
      "best_val_loss": 0.4425036422908306
    },
    {
      "seed": 999,
      "metrics": {
        "precision@5": 0.44642857142857145,
        "recall@5": 0.38132149944691407,
        "ndcg@5": 0.4970975947812317,
        "precision@10": 0.34535714285714286,
        "recall@10": 0.5367985836986002,
        "ndcg@10": 0.5224000394536638,
        "precision@20": 0.21625,
        "recall@20": 0.6474622255355338,
        "ndcg@20": 0.5610474671391376,
        "auc": 0.7634919283879753
      },
      "training_time": 641.3096587657928,
      "final_loss": 0.35660229325294496,
      "best_val_loss": 0.44396743550896645
    }
  ]
}