{
  "config_name": "with_artists",
  "timestamp": "20250816_211920",
  "statistics": {
    "recall@5": {
      "mean": 0.2880546134384315,
      "std": 0.007172115202394442,
      "min": 0.2793491910013914,
      "max": 0.2988289275346993,
      "ci_lower": 0.2791492562006484,
      "ci_upper": 0.29695997067621455,
      "n": 5
    },
    "precision@20": {
      "mean": 0.1742857142857143,
      "std": 0.0019024353350591545,
      "min": 0.17196428571428574,
      "max": 0.17714285714285716,
      "ci_lower": 0.17192352882126063,
      "ci_upper": 0.17664789975016795,
      "n": 5
    },
    "ndcg@20": {
      "mean": 0.44204367763163344,
      "std": 0.00525762909177268,
      "min": 0.434072157349232,
      "max": 0.4473194191154849,
      "ci_lower": 0.43551546887247056,
      "ci_upper": 0.4485718863907963,
      "n": 5
    },
    "precision@10": {
      "mean": 0.2661428571428571,
      "std": 0.002759491967440251,
      "min": 0.2635714285714286,
      "max": 0.26964285714285713,
      "ci_lower": 0.26271649531355407,
      "ci_upper": 0.2695692189721602,
      "n": 5
    },
    "recall@10": {
      "mean": 0.4063655695102234,
      "std": 0.0030191414547901837,
      "min": 0.4013054607501202,
      "max": 0.4094117588453612,
      "ci_lower": 0.40261681026032586,
      "ci_upper": 0.41011432876012094,
      "n": 5
    },
    "ndcg@5": {
      "mean": 0.3914649215950661,
      "std": 0.009302434662329356,
      "min": 0.38197316541035226,
      "max": 0.4068817757890734,
      "ci_lower": 0.3799144233792089,
      "ci_upper": 0.40301541981092326,
      "n": 5
    },
    "recall@20": {
      "mean": 0.516796445498209,
      "std": 0.007469636814697718,
      "min": 0.5056898595378527,
      "max": 0.5225214869256498,
      "ci_lower": 0.5075216663857414,
      "ci_upper": 0.5260712246106767,
      "n": 5
    },
    "auc": {
      "mean": 0.668836300815439,
      "std": 0.003651915905050176,
      "min": 0.6648031443373534,
      "max": 0.6745309618452369,
      "ci_lower": 0.6643018483116705,
      "ci_upper": 0.6733707533192075,
      "n": 5
    },
    "ndcg@10": {
      "mean": 0.40194921644858017,
      "std": 0.003886823907697072,
      "min": 0.39791954730536866,
      "max": 0.4074988591466064,
      "ci_lower": 0.397123087135035,
      "ci_upper": 0.4067753457621253,
      "n": 5
    },
    "precision@5": {
      "mean": 0.35,
      "std": 0.00728431359084684,
      "min": 0.34285714285714286,
      "max": 0.36214285714285716,
      "ci_lower": 0.3409553300626191,
      "ci_upper": 0.3590446699373809,
      "n": 5
    }
  },
  "runs": [
    {
      "seed": 42,
      "metrics": {
        "precision@5": 0.3464285714285714,
        "recall@5": 0.28448318727564637,
        "ndcg@5": 0.38197316541035226,
        "precision@10": 0.26857142857142857,
        "recall@10": 0.40729433627211165,
        "ndcg@10": 0.39791954730536866,
        "precision@20": 0.17339285714285713,
        "recall@20": 0.5056898595378527,
        "ndcg@20": 0.434072157349232,
        "auc": 0.6648031443373534
      },
      "training_time": 1036.1352980136871,
      "final_loss": 0.3519036522933415,
      "best_val_loss": 0.4565781131386757
    },
    {
      "seed": 123,
      "metrics": {
        "precision@5": 0.3492857142857143,
        "recall@5": 0.28876825058326605,
        "ndcg@5": 0.38826515897198927,
        "precision@10": 0.26964285714285713,
        "recall@10": 0.4094117588453612,
        "ndcg@10": 0.4006424379843336,
        "precision@20": 0.17714285714285716,
        "recall@20": 0.520869735898899,
        "ndcg@20": 0.44089858440585233,
        "auc": 0.66903169870459
      },
      "training_time": 1005.464919090271,
      "final_loss": 0.35174114874431067,
      "best_val_loss": 0.45858047530055046
    },
    {
      "seed": 456,
      "metrics": {
        "precision@5": 0.34285714285714286,
        "recall@5": 0.2793491910013914,
        "ndcg@5": 0.3915882092429034,
        "precision@10": 0.2646428571428571,
        "recall@10": 0.40665764183234326,
        "ndcg@10": 0.404257410493717,
        "precision@20": 0.1742857142857143,
        "recall@20": 0.5225214869256498,
        "ndcg@20": 0.44625591243514984,
        "auc": 0.669109560878279
      },
      "training_time": 1178.762817144394,
      "final_loss": 0.35267377580915177,
      "best_val_loss": 0.45565515011548996
    },
    {
      "seed": 789,
      "metrics": {
        "precision@5": 0.3492857142857143,
        "recall@5": 0.2888435107971541,
        "ndcg@5": 0.38861629856101204,
        "precision@10": 0.2642857142857143,
        "recall@10": 0.4071586498511808,
        "ndcg@10": 0.3994278273128751,
        "precision@20": 0.17464285714285716,
        "recall@20": 0.522430637142601,
        "ndcg@20": 0.4416723148524482,
        "auc": 0.6745309618452369
      },
      "training_time": 968.3508381843567,
      "final_loss": 0.35166658077921187,
      "best_val_loss": 0.4540618769824505
    },
    {
      "seed": 999,
      "metrics": {
        "precision@5": 0.36214285714285716,
        "recall@5": 0.2988289275346993,
        "ndcg@5": 0.4068817757890734,
        "precision@10": 0.2635714285714286,
        "recall@10": 0.4013054607501202,
        "ndcg@10": 0.4074988591466064,
        "precision@20": 0.17196428571428574,
        "recall@20": 0.5124705079860431,
        "ndcg@20": 0.4473194191154849,
        "auc": 0.6667061383117356
      },
      "training_time": 1448.1066620349884,
      "final_loss": 0.35282412256513324,
      "best_val_loss": 0.4556850418448448
    }
  ]
}